0,freegame,0.0,0.0
1,freegame,0.0,48.0
2,freegame,0.0,25.0
3,freegame,0.0,0.0
4,freegame,0.0,0.0
5,freegame,0.0,0.0
6,freegame,0.0,0.0
7,freegame,0.0,0.0
8,freegame,0.0,0.0
9,freegame,0.0,30.0
10,freegame,0.0,0.0
11,freegame,0.0,0.0
12,freegame,0.0,0.0
13,freegame,0.0,0.0
14,freegame,0.0,0.0
15,freegame,0.0,0.0
16,freegame,0.0,0.0
17,freegame,0.0,30.0
18,freegame,0.0,0.0
19,freegame,0.0,0.0
20,freegame,0.0,0.0
21,freegame,0.0,0.0
22,freegame,0.0,0.0
23,freegame,0.0,0.0
24,freegame,0.0,0.0
25,freegame,0.0,0.0
26,freegame,0.0,0.0
27,freegame,0.0,0.0
28,freegame,0.0,0.0
29,freegame,0.0,25.0
30,freegame,0.0,0.0
31,freegame,0.0,0.0
32,freegame,0.0,0.0
33,freegame,0.0,0.0
34,freegame,0.0,0.0
35,freegame,0.0,0.0
36,freegame,0.0,25.0
37,freegame,0.0,0.0
38,freegame,0.0,0.0
39,freegame,0.0,0.0
40,freegame,0.0,80.0
41,freegame,0.0,0.0
42,freegame,0.0,0.0
43,freegame,0.0,0.0
44,freegame,0.0,0.0
45,freegame,0.0,25.0
46,freegame,0.0,25.0
47,freegame,0.0,0.0
48,freegame,0.0,0.0
49,freegame,0.0,0.0
50,freegame,0.0,0.0
51,freegame,0.0,0.0
52,freegame,0.0,0.0
53,freegame,0.0,0.0
54,freegame,0.0,0.0
55,freegame,0.0,0.0
56,freegame,0.0,30.0
57,freegame,0.0,0.0
58,freegame,0.0,0.0
59,freegame,0.0,37.5
60,freegame,0.0,0.0
61,freegame,0.0,0.0
62,freegame,0.0,0.0
63,freegame,0.0,0.0
64,freegame,0.0,0.0
65,freegame,0.0,0.0
66,freegame,0.0,0.0
67,freegame,0.0,0.0
68,freegame,0.0,50.0
69,freegame,0.0,0.0
70,freegame,0.0,0.0
71,freegame,0.0,0.0
72,freegame,0.0,0.0
73,freegame,0.0,75.0
74,freegame,0.0,37.5
75,freegame,0.0,0.0
76,freegame,0.0,0.0
77,freegame,0.0,0.0
78,freegame,0.0,0.0
79,freegame,0.0,0.0
80,freegame,0.0,0.0
81,freegame,0.0,0.0
82,freegame,0.0,0.0
83,freegame,0.0,0.0
84,freegame,0.0,0.0
85,freegame,0.0,0.0
86,freegame,0.0,0.0
87,freegame,0.0,0.0
88,freegame,0.0,0.0
89,freegame,0.0,0.0
90,freegame,0.0,0.0
91,freegame,0.0,0.0
92,freegame,0.0,0.0
93,freegame,0.0,0.0
94,freegame,0.0,0.0
95,freegame,0.0,0.0
96,freegame,0.0,2.5
97,freegame,0.0,0.0
98,freegame,0.0,0.0
99,freegame,0.0,187.5
100,freegame,0.0,0.0
101,freegame,0.0,0.0
102,freegame,0.0,0.0
103,freegame,0.0,0.0
104,freegame,0.0,0.0
105,freegame,0.0,0.0
106,freegame,0.0,0.0
107,freegame,0.0,25.0
108,freegame,0.0,0.0
109,freegame,0.0,0.0
110,freegame,0.0,0.0
111,freegame,0.0,0.0
112,freegame,0.0,0.0
113,freegame,0.0,0.0
114,freegame,0.0,0.0
115,freegame,0.0,0.0
116,freegame,0.0,0.0
117,freegame,0.0,0.0
118,freegame,0.0,80.0
119,freegame,0.0,0.0
120,freegame,0.0,0.0
121,freegame,0.0,0.0
122,freegame,0.0,0.0
123,freegame,0.0,0.0
124,freegame,0.0,25.0
125,freegame,0.0,0.0
126,freegame,0.0,0.0
127,freegame,0.0,0.0
128,freegame,0.0,0.0
129,freegame,0.0,0.0
130,freegame,0.0,75.0
131,freegame,0.0,0.0
132,freegame,0.0,60.0
133,freegame,0.0,0.0
134,freegame,0.0,0.0
135,freegame,0.0,30.0
136,freegame,0.0,0.0
137,freegame,0.0,0.0
138,freegame,0.0,0.0
139,freegame,0.0,0.0
140,freegame,0.0,0.0
141,freegame,0.0,0.0
142,freegame,0.0,0.0
143,freegame,0.0,0.0
144,freegame,0.0,0.0
145,freegame,0.0,0.0
146,freegame,0.0,0.0
147,freegame,0.0,0.0
148,freegame,0.0,0.0
149,freegame,0.0,0.0
150,freegame,0.0,0.0
151,freegame,0.0,0.0
152,freegame,0.0,0.0
153,freegame,0.0,0.0
154,freegame,0.0,2.5
155,freegame,0.0,30.0
156,freegame,0.0,50.0
157,freegame,0.0,0.0
158,freegame,0.0,0.0
159,freegame,0.0,0.0
160,freegame,0.0,0.0
161,freegame,0.0,0.0
162,freegame,0.0,0.0
163,freegame,0.0,0.0
164,freegame,0.0,0.0
165,freegame,0.0,0.0
166,freegame,0.0,62.5
167,freegame,0.0,25.0
168,freegame,0.0,2.5
169,freegame,0.0,30.0
170,freegame,0.0,0.0
171,freegame,0.0,0.0
172,freegame,0.0,0.0
173,freegame,0.0,0.0
174,freegame,0.0,0.0
175,freegame,0.0,0.0
176,freegame,0.0,0.0
177,freegame,0.0,0.0
178,freegame,0.0,0.0
179,freegame,0.0,0.0
180,freegame,0.0,0.0
181,freegame,0.0,0.0
182,freegame,0.0,0.0
183,freegame,0.0,0.0
184,freegame,0.0,0.0
185,freegame,0.0,0.0
186,freegame,0.0,0.0
187,freegame,0.0,0.0
188,freegame,0.0,0.0
189,freegame,0.0,500.0
190,freegame,0.0,0.0
191,freegame,0.0,0.0
192,freegame,0.0,0.0
193,freegame,0.0,0.0
194,freegame,0.0,0.0
195,freegame,0.0,4.0
196,freegame,0.0,0.0
197,freegame,0.0,0.0
198,freegame,0.0,0.0
199,freegame,0.0,0.0
200,freegame,0.0,0.0
201,freegame,0.0,0.0
202,freegame,0.0,250.0
203,freegame,0.0,0.0
204,freegame,0.0,25.0
205,freegame,0.0,0.0
206,freegame,0.0,0.0
207,freegame,0.0,0.0
208,freegame,0.0,0.0
209,freegame,0.0,25.0
210,freegame,0.0,0.0
211,freegame,0.0,0.0
212,freegame,0.0,0.0
213,freegame,0.0,62.5
214,freegame,0.0,0.0
215,freegame,0.0,0.0
216,freegame,0.0,0.0
217,freegame,0.0,0.0
218,freegame,0.0,0.0
219,freegame,0.0,0.0
220,freegame,0.0,125.0
221,freegame,0.0,0.0
222,freegame,0.0,0.0
223,freegame,0.0,2.5
224,freegame,0.0,0.0
225,freegame,0.0,0.0
226,freegame,0.0,0.0
227,freegame,0.0,0.0
228,freegame,0.0,0.0
229,freegame,0.0,0.0
230,freegame,0.0,0.0
231,freegame,0.0,30.0
232,freegame,0.0,0.0
233,freegame,0.0,50.0
234,freegame,0.0,0.0
235,freegame,0.0,0.0
236,freegame,0.0,125.0
237,freegame,0.0,0.0
238,freegame,0.0,0.0
239,freegame,0.0,0.0
240,freegame,0.0,0.0
241,freegame,0.0,0.0
242,freegame,0.0,0.0
243,freegame,0.0,0.0
244,freegame,0.0,37.5
245,freegame,0.0,0.0
246,freegame,0.0,0.0
247,freegame,0.0,0.0
248,freegame,0.0,0.0
249,freegame,0.0,0.0
250,freegame,0.0,0.0
251,freegame,0.0,0.0
252,freegame,0.0,0.0
253,freegame,0.0,125.0
254,freegame,0.0,0.0
255,freegame,0.0,0.0
256,freegame,0.0,0.0
257,freegame,0.0,2.5
258,freegame,0.0,2.5
259,freegame,0.0,0.0
260,freegame,0.0,0.0
261,freegame,0.0,0.0
262,freegame,0.0,0.0
263,freegame,0.0,2.5
264,freegame,0.0,0.0
265,freegame,0.0,0.0
266,freegame,0.0,0.0
267,freegame,0.0,0.0
268,freegame,0.0,62.5
269,freegame,0.0,0.0
270,freegame,0.0,0.0
271,freegame,0.0,0.0
272,freegame,0.0,0.0
273,freegame,0.0,0.0
274,freegame,0.0,0.0
275,freegame,0.0,0.0
276,freegame,0.0,0.0
277,freegame,0.0,0.0
278,freegame,0.0,0.0
279,freegame,0.0,0.0
280,freegame,0.0,0.0
281,freegame,0.0,0.0
282,freegame,0.0,30.0
283,freegame,0.0,0.0
284,freegame,0.0,60.0
285,freegame,0.0,0.0
286,freegame,0.0,0.0
287,freegame,0.0,0.0
288,freegame,0.0,0.0
289,freegame,0.0,0.0
290,freegame,0.0,0.0
291,freegame,0.0,0.0
292,freegame,0.0,0.0
293,freegame,0.0,0.0
294,freegame,0.0,0.0
295,freegame,0.0,0.0
296,freegame,0.0,0.0
297,freegame,0.0,0.0
298,freegame,0.0,0.0
299,freegame,0.0,62.5
300,freegame,0.0,0.0
301,freegame,0.0,0.0
302,freegame,0.0,0.0
303,freegame,0.0,0.0
304,freegame,0.0,0.0
305,freegame,0.0,0.0
306,freegame,0.0,0.0
307,freegame,0.0,0.0
308,freegame,0.0,0.0
309,freegame,0.0,0.0
310,freegame,0.0,0.0
311,freegame,0.0,37.5
312,freegame,0.0,0.0
313,freegame,0.0,0.0
314,freegame,0.0,0.0
315,freegame,0.0,0.0
316,freegame,0.0,0.0
317,freegame,0.0,0.0
318,freegame,0.0,0.0
319,freegame,0.0,0.0
320,freegame,0.0,0.0
321,freegame,0.0,0.0
322,freegame,0.0,0.0
323,freegame,0.0,0.0
324,freegame,0.0,0.0
325,freegame,0.0,0.0
326,freegame,0.0,0.0
327,freegame,0.0,0.0
328,freegame,0.0,0.0
329,freegame,0.0,0.0
330,freegame,0.0,62.5
331,freegame,0.0,160.0
332,freegame,0.0,25.0
333,freegame,0.0,0.0
334,freegame,0.0,0.0
335,freegame,0.0,185.0
336,freegame,0.0,75.0
337,freegame,0.0,0.0
338,freegame,0.0,125.0
339,freegame,0.0,0.0
340,freegame,0.0,0.0
341,freegame,0.0,0.0
342,freegame,0.0,0.0
343,freegame,0.0,0.0
344,freegame,0.0,0.0
345,freegame,0.0,0.0
346,freegame,0.0,0.0
347,freegame,0.0,0.0
348,freegame,0.0,0.0
349,freegame,0.0,0.0
350,freegame,0.0,0.0
351,freegame,0.0,75.0
352,freegame,0.0,0.0
353,freegame,0.0,0.0
354,freegame,0.0,0.0
355,freegame,0.0,0.0
356,freegame,0.0,0.0
357,freegame,0.0,30.0
358,freegame,0.0,0.0
359,freegame,0.0,0.0
360,freegame,0.0,0.0
361,freegame,0.0,0.0
362,freegame,0.0,0.0
363,freegame,0.0,0.0
364,freegame,0.0,0.0
365,freegame,0.0,0.0
366,freegame,0.0,0.0
367,freegame,0.0,37.5
368,freegame,0.0,25.0
369,freegame,0.0,0.0
370,freegame,0.0,0.0
371,freegame,0.0,0.0
372,freegame,0.0,0.0
373,freegame,0.0,0.0
374,freegame,0.0,0.0
375,freegame,0.0,0.0
376,freegame,0.0,30.0
377,freegame,0.0,0.0
378,freegame,0.0,0.0
379,freegame,0.0,0.0
380,freegame,0.0,0.0
381,freegame,0.0,0.0
382,freegame,0.0,0.0
383,freegame,0.0,187.5
384,freegame,0.0,0.0
385,freegame,0.0,0.0
386,freegame,0.0,50.0
387,freegame,0.0,0.0
388,freegame,0.0,0.0
389,freegame,0.0,0.0
390,freegame,0.0,0.0
391,freegame,0.0,0.0
392,freegame,0.0,0.0
393,freegame,0.0,0.0
394,freegame,0.0,0.0
395,freegame,0.0,0.0
396,freegame,0.0,0.0
397,freegame,0.0,0.0
398,freegame,0.0,0.0
399,freegame,0.0,0.0
400,freegame,0.0,0.0
401,freegame,0.0,62.5
402,freegame,0.0,0.0
403,freegame,0.0,0.0
404,freegame,0.0,0.0
405,freegame,0.0,0.0
406,freegame,0.0,0.0
407,freegame,0.0,0.0
408,freegame,0.0,0.0
409,freegame,0.0,0.0
410,freegame,0.0,0.0
411,freegame,0.0,0.0
412,freegame,0.0,0.0
413,freegame,0.0,0.0
414,freegame,0.0,0.0
415,freegame,0.0,30.0
416,freegame,0.0,0.0
417,freegame,0.0,0.0
418,freegame,0.0,0.0
419,freegame,0.0,0.0
420,freegame,0.0,0.0
421,freegame,0.0,0.0
422,freegame,0.0,0.0
423,freegame,0.0,0.0
424,freegame,0.0,0.0
425,freegame,0.0,0.0
426,freegame,0.0,0.0
427,freegame,0.0,0.0
428,freegame,0.0,25.0
429,freegame,0.0,25.0
430,freegame,0.0,0.0
431,freegame,0.0,0.0
432,freegame,0.0,0.0
433,freegame,0.0,0.0
434,freegame,0.0,2.5
435,freegame,0.0,0.0
436,freegame,0.0,0.0
437,freegame,0.0,0.0
438,freegame,0.0,0.0
439,freegame,0.0,0.0
440,freegame,0.0,0.0
441,freegame,0.0,0.0
442,freegame,0.0,0.0
443,freegame,0.0,0.0
444,freegame,0.0,0.0
445,freegame,0.0,0.0
446,freegame,0.0,187.5
447,freegame,0.0,0.0
448,freegame,0.0,0.0
449,freegame,0.0,0.0
450,freegame,0.0,0.0
451,freegame,0.0,0.0
452,freegame,0.0,0.0
453,freegame,0.0,0.0
454,freegame,0.0,0.0
455,freegame,0.0,0.0
456,freegame,0.0,0.0
457,freegame,0.0,0.0
458,freegame,0.0,0.0
459,freegame,0.0,0.0
460,freegame,0.0,0.0
461,freegame,0.0,0.0
462,freegame,0.0,0.0
463,freegame,0.0,0.0
464,freegame,0.0,250.0
465,freegame,0.0,0.0
466,freegame,0.0,0.0
467,freegame,0.0,0.0
468,freegame,0.0,0.0
469,freegame,0.0,0.0
470,freegame,0.0,0.0
471,freegame,0.0,0.0
472,freegame,0.0,0.0
473,freegame,0.0,0.0
474,freegame,0.0,0.0
475,freegame,0.0,0.0
476,freegame,0.0,0.0
477,freegame,0.0,0.0
478,freegame,0.0,0.0
479,freegame,0.0,0.0
480,freegame,0.0,0.0
481,freegame,0.0,0.0
482,freegame,0.0,0.0
483,freegame,0.0,0.0
484,freegame,0.0,0.0
485,freegame,0.0,0.0
486,freegame,0.0,0.0
487,freegame,0.0,0.0
488,freegame,0.0,0.0
489,freegame,0.0,0.0
490,freegame,0.0,0.0
491,freegame,0.0,0.0
492,freegame,0.0,0.0
493,freegame,0.0,0.0
494,freegame,0.0,0.0
495,freegame,0.0,0.0
496,freegame,0.0,0.0
497,freegame,0.0,0.0
498,freegame,0.0,0.0
499,freegame,0.0,0.0
500,freegame,0.0,0.0
501,freegame,0.0,0.0
502,freegame,0.0,30.0
503,freegame,0.0,0.0
504,freegame,0.0,30.0
505,freegame,0.0,0.0
506,freegame,0.0,0.0
507,freegame,0.0,0.0
508,freegame,0.0,0.0
509,freegame,0.0,0.0
510,freegame,0.0,25.0
511,freegame,0.0,0.0
512,freegame,0.0,0.0
513,freegame,0.0,0.0
514,freegame,0.0,0.0
515,freegame,0.0,0.0
516,freegame,0.0,2.0
517,freegame,0.0,0.0
518,freegame,0.0,50.0
519,freegame,0.0,0.0
520,freegame,0.0,0.0
521,freegame,0.0,0.0
522,freegame,0.0,0.0
523,freegame,0.0,0.0
524,freegame,0.0,0.0
525,freegame,0.0,125.0
526,freegame,0.0,0.0
527,freegame,0.0,0.0
528,freegame,0.0,0.0
529,freegame,0.0,0.0
530,freegame,0.0,0.0
531,freegame,0.0,0.0
532,freegame,0.0,0.0
533,freegame,0.0,0.0
534,freegame,0.0,2.5
535,freegame,0.0,0.0
536,freegame,0.0,0.0
537,freegame,0.0,0.0
538,freegame,0.0,2.5
539,freegame,0.0,0.0
540,freegame,0.0,0.0
541,freegame,0.0,0.0
542,freegame,0.0,0.0
543,freegame,0.0,0.0
544,freegame,0.0,100.0
545,freegame,0.0,0.0
546,freegame,0.0,0.0
547,freegame,0.0,0.0
548,freegame,0.0,25.0
549,freegame,0.0,2.5
550,freegame,0.0,0.0
551,freegame,0.0,0.0
552,freegame,0.0,0.0
553,freegame,0.0,2.5
554,freegame,0.0,0.0
555,freegame,0.0,0.0
556,freegame,0.0,0.0
557,freegame,0.0,0.0
558,freegame,0.0,0.0
559,freegame,0.0,0.0
560,freegame,0.0,0.0
561,freegame,0.0,0.0
562,freegame,0.0,30.0
563,freegame,0.0,0.0
564,freegame,0.0,0.0
565,freegame,0.0,0.0
566,freegame,0.0,0.0
567,freegame,0.0,0.0
568,freegame,0.0,50.0
569,freegame,0.0,0.0
570,freegame,0.0,0.0
571,freegame,0.0,0.0
572,freegame,0.0,0.0
573,freegame,0.0,0.0
574,freegame,0.0,0.0
575,freegame,0.0,0.0
576,freegame,0.0,0.0
577,freegame,0.0,0.0
578,freegame,0.0,25.0
579,freegame,0.0,0.0
580,freegame,0.0,0.0
581,freegame,0.0,0.0
582,freegame,0.0,0.0
583,freegame,0.0,0.0
584,freegame,0.0,0.0
585,freegame,0.0,0.0
586,freegame,0.0,0.0
587,freegame,0.0,0.0
588,freegame,0.0,0.0
589,freegame,0.0,0.0
590,freegame,0.0,0.0
591,freegame,0.0,50.0
592,freegame,0.0,0.0
593,freegame,0.0,0.0
594,freegame,0.0,0.0
595,freegame,0.0,0.0
596,freegame,0.0,21.0
597,freegame,0.0,0.0
598,freegame,0.0,0.0
599,freegame,0.0,0.0
600,freegame,0.0,0.0
601,freegame,0.0,0.0
602,freegame,0.0,0.0
603,freegame,0.0,0.0
604,freegame,0.0,0.0
605,freegame,0.0,30.0
606,freegame,0.0,0.0
607,freegame,0.0,0.0
608,freegame,0.0,0.0
609,freegame,0.0,2.5
610,freegame,0.0,0.0
611,freegame,0.0,0.0
612,freegame,0.0,0.0
613,freegame,0.0,0.0
614,freegame,0.0,0.0
615,freegame,0.0,0.0
616,freegame,0.0,0.0
617,freegame,0.0,0.0
618,freegame,0.0,37.5
619,freegame,0.0,0.0
620,freegame,0.0,0.0
621,freegame,0.0,187.5
622,freegame,0.0,0.0
623,freegame,0.0,0.0
624,freegame,0.0,0.0
625,freegame,0.0,0.0
626,freegame,0.0,62.5
627,freegame,0.0,2.5
628,freegame,0.0,0.0
629,freegame,0.0,0.0
630,freegame,0.0,0.0
631,freegame,0.0,0.0
632,freegame,0.0,0.0
633,freegame,0.0,25.0
634,freegame,0.0,0.0
635,freegame,0.0,0.0
636,freegame,0.0,0.0
637,freegame,0.0,0.0
638,freegame,0.0,0.0
639,freegame,0.0,49.0
640,freegame,0.0,30.0
641,freegame,0.0,0.0
642,freegame,0.0,0.0
643,freegame,0.0,0.0
644,freegame,0.0,0.0
645,freegame,0.0,0.0
646,freegame,0.0,0.0
647,freegame,0.0,52.0
648,freegame,0.0,0.0
649,freegame,0.0,0.0
650,freegame,0.0,0.0
651,freegame,0.0,0.0
652,freegame,0.0,0.0
653,freegame,0.0,0.0
654,freegame,0.0,0.0
655,freegame,0.0,0.0
656,freegame,0.0,0.0
657,freegame,0.0,0.0
658,freegame,0.0,0.0
659,freegame,0.0,0.0
660,freegame,0.0,125.0
661,freegame,0.0,37.5
662,freegame,0.0,0.0
663,freegame,0.0,0.0
664,freegame,0.0,0.0
665,freegame,0.0,0.0
666,freegame,0.0,0.0
667,freegame,0.0,0.0
668,freegame,0.0,0.0
669,freegame,0.0,0.0
670,freegame,0.0,0.0
671,freegame,0.0,0.0
672,freegame,0.0,0.0
673,freegame,0.0,0.0
674,freegame,0.0,0.0
675,freegame,0.0,0.0
676,freegame,0.0,0.0
677,freegame,0.0,25.0
678,freegame,0.0,0.0
679,freegame,0.0,96.0
680,freegame,0.0,0.0
681,freegame,0.0,0.0
682,freegame,0.0,0.0
683,freegame,0.0,0.0
684,freegame,0.0,0.0
685,freegame,0.0,0.0
686,freegame,0.0,0.0
687,freegame,0.0,0.0
688,freegame,0.0,0.0
689,freegame,0.0,0.0
690,freegame,0.0,0.0
691,freegame,0.0,0.0
692,freegame,0.0,0.0
693,freegame,0.0,0.0
694,freegame,0.0,30.0
695,freegame,0.0,0.0
696,freegame,0.0,0.0
697,freegame,0.0,0.0
698,freegame,0.0,0.0
699,freegame,0.0,0.0
700,freegame,0.0,0.0
701,freegame,0.0,0.0
702,freegame,0.0,0.0
703,freegame,0.0,0.0
704,freegame,0.0,0.0
705,freegame,0.0,0.0
706,freegame,0.0,0.0
707,freegame,0.0,25.0
708,freegame,0.0,25.0
709,freegame,0.0,25.0
710,freegame,0.0,52.5
711,freegame,0.0,30.0
712,freegame,0.0,15.0
713,freegame,0.0,0.0
714,freegame,0.0,0.0
715,freegame,0.0,250.0
716,freegame,0.0,0.0
717,freegame,0.0,0.0
718,freegame,0.0,0.0
719,freegame,0.0,2.5
720,freegame,0.0,0.0
721,freegame,0.0,0.0
722,freegame,0.0,0.0
723,freegame,0.0,0.0
724,freegame,0.0,30.0
725,freegame,0.0,0.0
726,freegame,0.0,0.0
727,freegame,0.0,0.0
728,freegame,0.0,0.0
729,freegame,0.0,0.0
730,freegame,0.0,0.0
731,freegame,0.0,0.0
732,freegame,0.0,0.0
733,freegame,0.0,0.0
734,freegame,0.0,0.0
735,freegame,0.0,0.0
736,freegame,0.0,0.0
737,freegame,0.0,0.0
738,freegame,0.0,0.0
739,freegame,0.0,0.0
740,freegame,0.0,0.0
741,freegame,0.0,0.0
742,freegame,0.0,0.0
743,freegame,0.0,0.0
744,freegame,0.0,2.5
745,freegame,0.0,0.0
746,freegame,0.0,0.0
747,freegame,0.0,0.0
748,freegame,0.0,0.0
749,freegame,0.0,0.0
750,freegame,0.0,2.5
751,freegame,0.0,0.0
752,freegame,0.0,0.0
753,freegame,0.0,0.0
754,freegame,0.0,0.0
755,freegame,0.0,30.0
756,freegame,0.0,0.0
757,freegame,0.0,0.0
758,freegame,0.0,0.0
759,freegame,0.0,0.0
760,freegame,0.0,0.0
761,freegame,0.0,2.5
762,freegame,0.0,0.0
763,freegame,0.0,0.0
764,freegame,0.0,0.0
765,freegame,0.0,0.0
766,freegame,0.0,0.0
767,freegame,0.0,0.0
768,freegame,0.0,0.0
769,freegame,0.0,0.0
770,freegame,0.0,0.0
771,freegame,0.0,0.0
772,freegame,0.0,0.0
773,freegame,0.0,0.0
774,freegame,0.0,0.0
775,freegame,0.0,0.0
776,freegame,0.0,0.0
777,freegame,0.0,0.0
778,freegame,0.0,0.0
779,freegame,0.0,0.0
780,freegame,0.0,0.0
781,freegame,0.0,0.0
782,freegame,0.0,0.0
783,freegame,0.0,0.0
784,freegame,0.0,0.0
785,freegame,0.0,2.5
786,freegame,0.0,0.0
787,freegame,0.0,0.0
788,freegame,0.0,0.0
789,freegame,0.0,0.0
790,freegame,0.0,24.0
791,freegame,0.0,30.0
792,freegame,0.0,0.0
793,freegame,0.0,0.0
794,freegame,0.0,50.0
795,freegame,0.0,50.0
796,freegame,0.0,62.5
797,freegame,0.0,0.0
798,freegame,0.0,0.0
799,freegame,0.0,0.0
800,freegame,0.0,0.0
801,freegame,0.0,100.0
802,freegame,0.0,0.0
803,freegame,0.0,37.5
804,freegame,0.0,0.0
805,freegame,0.0,0.0
806,freegame,0.0,0.0
807,freegame,0.0,2.5
808,freegame,0.0,0.0
809,freegame,0.0,0.0
810,freegame,0.0,0.0
811,freegame,0.0,0.0
812,freegame,0.0,0.0
813,freegame,0.0,0.0
814,freegame,0.0,30.0
815,freegame,0.0,0.0
816,freegame,0.0,0.0
817,freegame,0.0,0.0
818,freegame,0.0,50.0
819,freegame,0.0,0.0
820,freegame,0.0,0.0
821,freegame,0.0,0.0
822,freegame,0.0,0.0
823,freegame,0.0,0.0
824,freegame,0.0,0.0
825,freegame,0.0,0.0
826,freegame,0.0,0.0
827,freegame,0.0,0.0
828,freegame,0.0,0.0
829,freegame,0.0,0.0
830,freegame,0.0,0.0
831,freegame,0.0,112.5
832,freegame,0.0,0.0
833,freegame,0.0,0.0
834,freegame,0.0,0.0
835,freegame,0.0,0.0
836,freegame,0.0,0.0
837,freegame,0.0,0.0
838,freegame,0.0,0.0
839,freegame,0.0,0.0
840,freegame,0.0,0.0
841,freegame,0.0,0.0
842,freegame,0.0,0.0
843,freegame,0.0,0.0
844,freegame,0.0,0.0
845,freegame,0.0,0.0
846,freegame,0.0,0.0
847,freegame,0.0,25.0
848,freegame,0.0,0.0
849,freegame,0.0,0.0
850,freegame,0.0,0.0
851,freegame,0.0,0.0
852,freegame,0.0,0.0
853,freegame,0.0,0.0
854,freegame,0.0,50.5
855,freegame,0.0,0.0
856,freegame,0.0,0.0
857,freegame,0.0,0.0
858,freegame,0.0,0.0
859,freegame,0.0,0.0
860,freegame,0.0,0.0
861,freegame,0.0,0.0
862,freegame,0.0,0.0
863,freegame,0.0,0.0
864,freegame,0.0,0.0
865,freegame,0.0,0.0
866,freegame,0.0,0.0
867,freegame,0.0,37.5
868,freegame,0.0,0.0
869,freegame,0.0,0.0
870,freegame,0.0,2.5
871,freegame,0.0,0.0
872,freegame,0.0,78.0
873,freegame,0.0,0.0
874,freegame,0.0,0.0
875,freegame,0.0,0.0
876,freegame,0.0,0.0
877,freegame,0.0,0.0
878,freegame,0.0,2.5
879,freegame,0.0,0.0
880,freegame,0.0,0.0
881,freegame,0.0,0.0
882,freegame,0.0,0.0
883,freegame,0.0,0.0
884,freegame,0.0,0.0
885,freegame,0.0,0.0
886,freegame,0.0,0.0
887,freegame,0.0,0.0
888,freegame,0.0,0.0
889,freegame,0.0,57.5
890,freegame,0.0,0.0
891,freegame,0.0,0.0
892,freegame,0.0,0.0
893,freegame,0.0,0.0
894,freegame,0.0,25.0
895,freegame,0.0,0.0
896,freegame,0.0,0.0
897,freegame,0.0,125.0
898,freegame,0.0,0.0
899,freegame,0.0,0.0
900,freegame,0.0,0.0
901,freegame,0.0,0.0
902,freegame,0.0,0.0
903,freegame,0.0,0.0
904,freegame,0.0,0.0
905,freegame,0.0,0.0
906,freegame,0.0,0.0
907,freegame,0.0,0.0
908,freegame,0.0,0.0
909,freegame,0.0,187.5
910,freegame,0.0,0.0
911,freegame,0.0,0.0
912,freegame,0.0,0.0
913,freegame,0.0,0.0
914,freegame,0.0,0.0
915,freegame,0.0,0.0
916,freegame,0.0,0.0
917,freegame,0.0,0.0
918,freegame,0.0,0.0
919,freegame,0.0,0.0
920,freegame,0.0,0.0
921,freegame,0.0,62.5
922,freegame,0.0,0.0
923,freegame,0.0,0.0
924,freegame,0.0,0.0
925,freegame,0.0,0.0
926,freegame,0.0,0.0
927,freegame,0.0,0.0
928,freegame,0.0,0.0
929,freegame,0.0,0.0
930,freegame,0.0,0.0
931,freegame,0.0,0.0
932,freegame,0.0,0.0
933,freegame,0.0,0.0
934,freegame,0.0,0.0
935,freegame,0.0,0.0
936,freegame,0.0,0.0
937,freegame,0.0,0.0
938,freegame,0.0,0.0
939,freegame,0.0,2.5
940,freegame,0.0,0.0
941,freegame,0.0,0.0
942,freegame,0.0,125.0
943,freegame,0.0,0.0
944,freegame,0.0,0.0
945,freegame,0.0,0.0
946,freegame,0.0,0.0
947,freegame,0.0,0.0
948,freegame,0.0,0.0
949,freegame,0.0,0.0
950,freegame,0.0,2.5
951,freegame,0.0,0.0
952,freegame,0.0,37.5
953,freegame,0.0,0.0
954,freegame,0.0,0.0
955,freegame,0.0,0.0
956,freegame,0.0,0.0
957,freegame,0.0,0.0
958,freegame,0.0,0.0
959,freegame,0.0,0.0
960,freegame,0.0,0.0
961,freegame,0.0,0.0
962,freegame,0.0,0.0
963,freegame,0.0,0.0
964,freegame,0.0,0.0
965,freegame,0.0,0.0
966,freegame,0.0,0.0
967,freegame,0.0,0.0
968,freegame,0.0,0.0
969,freegame,0.0,0.0
970,freegame,0.0,0.0
971,freegame,0.0,0.0
972,freegame,0.0,0.0
973,freegame,0.0,48.0
974,freegame,0.0,0.0
975,freegame,0.0,0.0
976,freegame,0.0,0.0
977,freegame,0.0,0.0
978,freegame,0.0,0.0
979,freegame,0.0,0.0
980,freegame,0.0,0.0
981,freegame,0.0,0.0
982,freegame,0.0,0.0
983,freegame,0.0,0.0
984,freegame,0.0,32.5
985,freegame,0.0,0.0
986,freegame,0.0,0.0
987,freegame,0.0,0.0
988,freegame,0.0,0.0
989,freegame,0.0,0.0
990,freegame,0.0,0.0
991,freegame,0.0,0.0
992,freegame,0.0,0.0
993,freegame,0.0,0.0
994,freegame,0.0,0.0
995,freegame,0.0,0.0
996,freegame,0.0,0.0
997,freegame,0.0,0.0
998,freegame,0.0,0.0
999,freegame,0.0,0.0
