0,basegame,0.0,0.0
1,basegame,0.0,0.0
2,basegame,9.5,0.0
3,basegame,7.5,0.0
4,basegame,4.0,0.0
5,basegame,0.0,0.0
6,basegame,0.0,0.0
7,basegame,1.5,0.0
8,basegame,5.0,0.0
9,basegame,3.0,0.0
10,basegame,0.0,0.0
11,basegame,2.0,0.0
12,basegame,1.5,0.0
13,basegame,1.0,0.0
14,basegame,0.0,0.0
15,basegame,0.0,0.0
16,basegame,5.5,0.0
17,basegame,2.5,0.0
18,basegame,0.0,0.0
19,basegame,0.0,0.0
20,basegame,0.0,0.0
21,basegame,0.0,0.0
22,basegame,2.0,0.0
23,basegame,5.5,0.0
24,basegame,0.0,0.0
25,basegame,0.0,0.0
26,basegame,1.0,0.0
27,basegame,0.0,0.0
28,basegame,2.0,0.0
29,basegame,3.0,0.0
30,basegame,0.0,0.0
31,basegame,0.0,0.0
32,basegame,12.0,0.0
33,basegame,1.5,0.0
34,basegame,1.0,0.0
35,basegame,2.0,0.0
36,basegame,0.0,0.0
37,basegame,0.0,0.0
38,basegame,1.0,0.0
39,basegame,0.0,0.0
40,basegame,2.0,0.0
41,basegame,0.0,0.0
42,basegame,5.0,0.0
43,basegame,1.5,0.0
44,basegame,0.0,0.0
45,basegame,0.0,0.0
46,basegame,0.0,0.0
47,basegame,0.0,0.0
48,basegame,0.0,0.0
49,basegame,0.0,0.0
50,basegame,0.0,0.0
51,basegame,8.0,0.0
52,basegame,0.0,0.0
53,basegame,7.0,0.0
54,basegame,0.0,0.0
55,basegame,1.0,0.0
56,basegame,0.0,0.0
57,basegame,0.0,0.0
58,basegame,0.0,0.0
59,basegame,0.0,0.0
60,basegame,1.0,0.0
61,basegame,1.0,0.0
62,basegame,7.0,0.0
63,basegame,0.0,0.0
64,basegame,1.0,0.0
65,basegame,0.0,0.0
66,basegame,0.0,0.0
67,basegame,0.0,0.0
68,basegame,0.0,0.0
69,basegame,0.0,0.0
70,basegame,8.0,0.0
71,basegame,13.0,0.0
72,basegame,4.5,0.0
73,basegame,0.0,0.0
74,basegame,0.0,0.0
75,basegame,0.0,0.0
76,basegame,0.0,0.0
77,basegame,0.0,0.0
78,basegame,0.0,0.0
79,basegame,2.0,0.0
80,basegame,0.0,0.0
81,basegame,0.0,0.0
82,basegame,0.0,0.0
83,basegame,0.0,0.0
84,basegame,10.0,0.0
85,basegame,0.0,0.0
86,basegame,0.0,0.0
87,basegame,0.0,0.0
88,basegame,9.0,0.0
89,basegame,2.0,0.0
90,basegame,0.0,0.0
91,basegame,0.0,0.0
92,basegame,4.5,0.0
93,basegame,0.0,0.0
94,basegame,11.0,0.0
95,basegame,0.0,0.0
96,basegame,0.0,0.0
97,basegame,0.0,0.0
98,basegame,3.5,0.0
99,basegame,0.0,0.0
100,basegame,0.0,0.0
101,basegame,0.0,0.0
102,basegame,14.5,0.0
103,basegame,0.0,0.0
104,basegame,0.0,0.0
105,basegame,4.5,0.0
106,basegame,0.0,0.0
107,basegame,0.0,0.0
108,basegame,10.0,0.0
109,basegame,3.0,0.0
110,basegame,0.0,0.0
111,basegame,0.0,0.0
112,basegame,0.0,0.0
113,basegame,5.0,0.0
114,basegame,0.0,0.0
115,basegame,0.0,0.0
116,basegame,0.0,0.0
117,basegame,0.0,0.0
118,basegame,2.0,0.0
119,basegame,8.0,0.0
120,basegame,0.0,0.0
121,basegame,0.0,0.0
122,basegame,2.0,0.0
123,basegame,0.0,0.0
124,basegame,1.0,0.0
125,basegame,0.0,0.0
126,basegame,4.0,0.0
127,basegame,0.0,0.0
128,basegame,19.0,0.0
129,basegame,1.5,0.0
130,basegame,0.0,0.0
131,basegame,0.0,0.0
132,basegame,0.0,0.0
133,basegame,0.0,0.0
134,basegame,0.0,0.0
135,basegame,0.0,0.0
136,basegame,2.0,0.0
137,basegame,0.0,0.0
138,basegame,0.0,0.0
139,basegame,0.0,0.0
140,basegame,6.0,0.0
141,basegame,0.0,0.0
142,basegame,0.0,0.0
143,basegame,0.0,0.0
144,basegame,0.0,0.0
145,basegame,1.0,0.0
146,basegame,0.0,0.0
147,basegame,0.0,0.0
148,basegame,0.0,0.0
149,basegame,5.0,0.0
150,basegame,0.0,0.0
151,basegame,0.0,0.0
152,basegame,0.0,0.0
153,basegame,1.0,0.0
154,basegame,0.0,0.0
155,basegame,1.0,0.0
156,basegame,0.0,0.0
157,basegame,0.0,0.0
158,basegame,1.0,0.0
159,basegame,0.0,0.0
160,basegame,2.0,0.0
161,basegame,0.0,0.0
162,basegame,2.0,0.0
163,basegame,3.5,0.0
164,basegame,0.0,0.0
165,basegame,8.0,0.0
166,basegame,1.5,0.0
167,basegame,0.0,0.0
168,basegame,0.0,0.0
169,basegame,0.0,0.0
170,basegame,0.0,0.0
171,basegame,7.5,0.0
172,basegame,0.0,0.0
173,basegame,4.0,0.0
174,basegame,0.0,0.0
175,basegame,0.0,0.0
176,basegame,0.0,0.0
177,basegame,1.0,0.0
178,basegame,0.0,0.0
179,basegame,0.0,0.0
180,basegame,0.0,0.0
181,basegame,0.0,0.0
182,basegame,2.0,0.0
183,basegame,2.0,0.0
184,basegame,5.5,0.0
185,basegame,9.5,0.0
186,basegame,0.0,0.0
187,basegame,0.0,0.0
188,basegame,2.0,0.0
189,basegame,6.0,0.0
190,basegame,1.5,0.0
191,basegame,0.0,0.0
192,basegame,0.0,0.0
193,basegame,9.5,0.0
194,basegame,0.0,0.0
195,basegame,0.0,0.0
196,basegame,0.0,0.0
197,basegame,2.0,0.0
198,basegame,0.0,0.0
199,basegame,2.5,0.0
200,basegame,0.0,0.0
201,basegame,0.0,0.0
202,basegame,0.0,0.0
203,basegame,0.0,0.0
204,basegame,0.0,0.0
205,basegame,2.0,0.0
206,basegame,10.0,0.0
207,basegame,9.5,0.0
208,basegame,0.0,0.0
209,basegame,1.0,0.0
210,basegame,1.5,0.0
211,basegame,0.0,0.0
212,basegame,2.0,0.0
213,basegame,0.0,0.0
214,basegame,0.0,0.0
215,basegame,8.0,0.0
216,basegame,0.0,0.0
217,basegame,0.0,0.0
218,basegame,0.0,0.0
219,basegame,1.0,0.0
220,basegame,0.0,0.0
221,basegame,0.0,0.0
222,basegame,0.0,0.0
223,basegame,10.5,0.0
224,basegame,2.0,0.0
225,basegame,6.0,0.0
226,basegame,0.0,0.0
227,basegame,0.0,0.0
228,basegame,1.5,0.0
229,basegame,0.0,0.0
230,basegame,0.0,0.0
231,basegame,1.0,0.0
232,basegame,0.0,0.0
233,basegame,0.0,0.0
234,basegame,4.0,0.0
235,basegame,17.0,0.0
236,basegame,0.0,0.0
237,basegame,0.0,0.0
238,basegame,0.0,0.0
239,basegame,0.0,0.0
240,basegame,0.0,0.0
241,basegame,0.0,0.0
242,basegame,5.0,0.0
243,basegame,0.0,0.0
244,basegame,3.0,0.0
245,basegame,2.0,0.0
246,basegame,0.0,0.0
247,basegame,0.0,0.0
248,basegame,0.0,0.0
249,basegame,0.0,0.0
250,basegame,2.0,0.0
251,basegame,3.5,0.0
252,basegame,0.0,0.0
253,basegame,1.0,0.0
254,basegame,0.0,0.0
255,basegame,0.0,0.0
256,basegame,0.0,0.0
257,basegame,0.0,0.0
258,basegame,1.0,0.0
259,basegame,0.0,0.0
260,basegame,0.0,0.0
261,basegame,2.0,0.0
262,basegame,2.0,0.0
263,basegame,1.0,0.0
264,basegame,4.5,0.0
265,basegame,1.0,0.0
266,basegame,5.0,0.0
267,basegame,1.0,0.0
268,basegame,0.0,0.0
269,basegame,0.0,0.0
270,basegame,1.0,0.0
271,basegame,8.0,0.0
272,basegame,2.0,0.0
273,basegame,0.0,0.0
274,basegame,0.0,0.0
275,basegame,0.0,0.0
276,basegame,0.0,0.0
277,basegame,0.0,0.0
278,basegame,0.0,0.0
279,basegame,0.0,0.0
280,basegame,2.0,0.0
281,basegame,0.0,0.0
282,basegame,8.0,0.0
283,basegame,0.0,0.0
284,basegame,3.5,0.0
285,basegame,0.0,0.0
286,basegame,0.0,0.0
287,basegame,0.0,0.0
288,basegame,0.0,0.0
289,basegame,0.0,0.0
290,basegame,15.0,0.0
291,basegame,0.0,0.0
292,basegame,0.0,0.0
293,basegame,6.0,0.0
294,basegame,2.0,0.0
295,basegame,0.0,0.0
296,basegame,2.0,0.0
297,basegame,1.5,0.0
298,basegame,0.0,0.0
299,basegame,2.0,0.0
300,basegame,0.0,0.0
301,basegame,0.0,0.0
302,basegame,0.0,0.0
303,basegame,0.0,0.0
304,basegame,2.0,0.0
305,basegame,0.0,0.0
306,basegame,0.0,0.0
307,basegame,2.5,0.0
308,basegame,0.0,0.0
309,basegame,0.0,0.0
310,basegame,2.0,0.0
311,basegame,2.5,0.0
312,basegame,0.0,0.0
313,basegame,2.5,0.0
314,basegame,0.0,0.0
315,basegame,13.5,0.0
316,basegame,0.0,0.0
317,basegame,0.0,0.0
318,basegame,0.0,0.0
319,basegame,0.0,0.0
320,basegame,0.0,0.0
321,basegame,22.0,0.0
322,basegame,1.5,0.0
323,basegame,0.0,0.0
324,basegame,5.0,0.0
325,basegame,0.0,0.0
326,basegame,2.0,0.0
327,basegame,4.0,0.0
328,basegame,0.0,0.0
329,basegame,2.5,0.0
330,basegame,0.0,0.0
331,basegame,0.0,0.0
332,basegame,2.0,0.0
333,basegame,1.5,0.0
334,basegame,0.0,0.0
335,basegame,4.0,0.0
336,basegame,0.0,0.0
337,basegame,10.0,0.0
338,basegame,0.0,0.0
339,basegame,0.0,0.0
340,basegame,0.0,0.0
341,basegame,0.0,0.0
342,basegame,0.0,0.0
343,basegame,4.0,0.0
344,basegame,0.0,0.0
345,basegame,0.0,0.0
346,basegame,1.0,0.0
347,basegame,4.0,0.0
348,basegame,5.0,0.0
349,basegame,0.0,0.0
350,basegame,1.0,0.0
351,basegame,0.0,0.0
352,basegame,1.0,0.0
353,basegame,0.0,0.0
354,basegame,2.0,0.0
355,basegame,4.0,0.0
356,basegame,0.0,0.0
357,basegame,0.0,0.0
358,basegame,4.0,0.0
359,basegame,0.0,0.0
360,basegame,0.0,0.0
361,basegame,0.0,0.0
362,basegame,0.0,0.0
363,basegame,0.0,0.0
364,basegame,1.0,0.0
365,basegame,0.0,0.0
366,basegame,0.0,0.0
367,basegame,13.5,0.0
368,basegame,2.0,0.0
369,basegame,1.5,0.0
370,basegame,0.0,0.0
371,basegame,0.0,0.0
372,basegame,0.0,0.0
373,basegame,0.0,0.0
374,basegame,3.0,0.0
375,basegame,0.0,0.0
376,basegame,1.0,0.0
377,basegame,0.0,0.0
378,basegame,0.0,0.0
379,basegame,0.0,0.0
380,basegame,0.0,0.0
381,basegame,1.0,0.0
382,basegame,0.0,0.0
383,basegame,6.0,0.0
384,basegame,1.5,0.0
385,basegame,0.0,0.0
386,basegame,1.5,0.0
387,basegame,0.0,0.0
388,basegame,11.0,0.0
389,basegame,2.0,0.0
390,basegame,0.0,0.0
391,basegame,4.0,0.0
392,basegame,0.0,0.0
393,basegame,3.0,0.0
394,basegame,0.0,0.0
395,basegame,0.0,0.0
396,basegame,0.0,0.0
397,basegame,8.0,0.0
398,basegame,0.0,0.0
399,basegame,2.0,0.0
400,basegame,1.5,0.0
401,basegame,7.0,0.0
402,basegame,0.0,0.0
403,basegame,3.5,0.0
404,basegame,0.0,0.0
405,basegame,0.0,0.0
406,basegame,1.5,0.0
407,basegame,0.0,0.0
408,basegame,10.0,0.0
409,basegame,0.0,0.0
410,basegame,0.0,0.0
411,basegame,0.0,0.0
412,basegame,0.0,0.0
413,basegame,0.0,0.0
414,basegame,0.0,0.0
415,basegame,1.5,0.0
416,basegame,0.0,0.0
417,basegame,0.0,0.0
418,basegame,0.0,0.0
419,basegame,0.0,0.0
420,basegame,0.0,0.0
421,basegame,2.0,0.0
422,basegame,2.0,0.0
423,basegame,0.0,0.0
424,basegame,0.0,0.0
425,basegame,2.0,0.0
426,basegame,0.0,0.0
427,basegame,0.0,0.0
428,basegame,0.0,0.0
429,basegame,5.0,0.0
430,basegame,4.0,0.0
431,basegame,0.0,0.0
432,basegame,0.0,0.0
433,basegame,7.5,0.0
434,basegame,2.0,0.0
435,basegame,13.0,0.0
436,basegame,1.0,0.0
437,basegame,12.0,0.0
438,basegame,0.0,0.0
439,basegame,1.0,0.0
440,basegame,0.0,0.0
441,basegame,5.0,0.0
442,basegame,0.0,0.0
443,basegame,2.0,0.0
444,basegame,9.0,0.0
445,basegame,0.0,0.0
446,basegame,10.0,0.0
447,basegame,1.0,0.0
448,basegame,2.0,0.0
449,basegame,0.0,0.0
450,basegame,8.0,0.0
451,basegame,0.0,0.0
452,basegame,2.0,0.0
453,basegame,0.0,0.0
454,basegame,0.0,0.0
455,basegame,0.0,0.0
456,basegame,0.0,0.0
457,basegame,0.0,0.0
458,basegame,0.0,0.0
459,basegame,0.0,0.0
460,basegame,2.5,0.0
461,basegame,2.5,0.0
462,basegame,1.0,0.0
463,basegame,0.0,0.0
464,basegame,8.0,0.0
465,basegame,0.0,0.0
466,basegame,1.0,0.0
467,basegame,4.0,0.0
468,basegame,0.0,0.0
469,basegame,0.0,0.0
470,basegame,1.0,0.0
471,basegame,0.0,0.0
472,basegame,0.0,0.0
473,basegame,0.0,0.0
474,basegame,3.0,0.0
475,basegame,0.0,0.0
476,basegame,0.0,0.0
477,basegame,0.0,0.0
478,basegame,0.0,0.0
479,basegame,4.0,0.0
480,basegame,0.0,0.0
481,basegame,0.0,0.0
482,basegame,0.0,0.0
483,basegame,0.0,0.0
484,basegame,0.0,0.0
485,basegame,0.0,0.0
486,basegame,0.0,0.0
487,basegame,0.0,0.0
488,basegame,1.0,0.0
489,basegame,2.0,0.0
490,basegame,0.0,0.0
491,basegame,1.5,0.0
492,basegame,0.0,0.0
493,basegame,2.5,0.0
494,basegame,0.0,0.0
495,basegame,0.0,0.0
496,basegame,2.0,0.0
497,basegame,0.0,0.0
498,basegame,4.0,0.0
499,basegame,0.0,0.0
500,basegame,0.0,0.0
501,basegame,2.0,0.0
502,basegame,0.0,0.0
503,basegame,5.0,0.0
504,basegame,0.0,0.0
505,basegame,2.0,0.0
506,basegame,8.0,0.0
507,basegame,4.0,0.0
508,basegame,1.0,0.0
509,basegame,1.5,0.0
510,basegame,0.0,0.0
511,basegame,0.0,0.0
512,basegame,0.0,0.0
513,basegame,0.0,0.0
514,basegame,1.0,0.0
515,basegame,0.0,0.0
516,basegame,0.0,0.0
517,basegame,0.0,0.0
518,basegame,0.0,0.0
519,basegame,0.0,0.0
520,basegame,0.0,0.0
521,basegame,17.5,0.0
522,basegame,2.0,0.0
523,basegame,0.0,0.0
524,basegame,12.5,0.0
525,basegame,4.0,0.0
526,basegame,10.0,0.0
527,basegame,5.5,0.0
528,basegame,1.0,0.0
529,basegame,0.0,0.0
530,basegame,0.0,0.0
531,basegame,0.0,0.0
532,basegame,2.5,0.0
533,basegame,11.5,0.0
534,basegame,0.0,0.0
535,basegame,0.0,0.0
536,basegame,4.0,0.0
537,basegame,1.5,0.0
538,basegame,0.0,0.0
539,basegame,0.0,0.0
540,basegame,1.5,0.0
541,basegame,1.0,0.0
542,basegame,0.0,0.0
543,basegame,0.0,0.0
544,basegame,0.0,0.0
545,basegame,3.5,0.0
546,basegame,2.0,0.0
547,basegame,5.0,0.0
548,basegame,3.5,0.0
549,basegame,5.0,0.0
550,basegame,0.0,0.0
551,basegame,0.0,0.0
552,basegame,0.0,0.0
553,basegame,0.0,0.0
554,basegame,0.0,0.0
555,basegame,12.0,0.0
556,basegame,0.0,0.0
557,basegame,0.0,0.0
558,basegame,0.0,0.0
559,basegame,14.5,0.0
560,basegame,0.0,0.0
561,basegame,0.0,0.0
562,basegame,0.0,0.0
563,basegame,0.0,0.0
564,basegame,0.0,0.0
565,basegame,0.0,0.0
566,basegame,0.0,0.0
567,basegame,0.0,0.0
568,basegame,0.0,0.0
569,basegame,0.0,0.0
570,basegame,0.0,0.0
571,basegame,0.0,0.0
572,basegame,0.0,0.0
573,basegame,0.0,0.0
574,basegame,11.0,0.0
575,basegame,2.0,0.0
576,basegame,4.0,0.0
577,basegame,1.5,0.0
578,basegame,0.0,0.0
579,basegame,3.0,0.0
580,basegame,1.0,0.0
581,basegame,0.0,0.0
582,basegame,0.0,0.0
583,basegame,4.0,0.0
584,basegame,0.0,0.0
585,basegame,3.5,0.0
586,basegame,0.0,0.0
587,basegame,1.0,0.0
588,basegame,0.0,0.0
589,basegame,3.0,0.0
590,basegame,0.0,0.0
591,basegame,5.0,0.0
592,basegame,0.0,0.0
593,basegame,1.0,0.0
594,basegame,4.0,0.0
595,basegame,0.0,0.0
596,basegame,2.0,0.0
597,basegame,0.0,0.0
598,basegame,0.0,0.0
599,basegame,1.5,0.0
600,basegame,2.5,0.0
601,basegame,0.0,0.0
602,basegame,2.0,0.0
603,basegame,0.0,0.0
604,basegame,1.0,0.0
605,basegame,0.0,0.0
606,basegame,0.0,0.0
607,basegame,2.0,0.0
608,basegame,0.0,0.0
609,basegame,1.5,0.0
610,basegame,0.0,0.0
611,basegame,0.0,0.0
612,basegame,0.0,0.0
613,basegame,0.0,0.0
614,basegame,1.0,0.0
615,basegame,4.0,0.0
616,basegame,0.0,0.0
617,basegame,0.0,0.0
618,basegame,0.0,0.0
619,basegame,4.0,0.0
620,basegame,1.5,0.0
621,basegame,0.0,0.0
622,basegame,0.0,0.0
623,basegame,1.0,0.0
624,basegame,1.0,0.0
625,basegame,0.0,0.0
626,basegame,1.0,0.0
627,basegame,0.0,0.0
628,basegame,2.0,0.0
629,basegame,0.0,0.0
630,basegame,3.0,0.0
631,basegame,4.0,0.0
632,basegame,1.5,0.0
633,basegame,0.0,0.0
634,basegame,0.0,0.0
635,basegame,0.0,0.0
636,basegame,0.0,0.0
637,basegame,1.0,0.0
638,basegame,0.0,0.0
639,basegame,6.5,0.0
640,basegame,0.0,0.0
641,basegame,0.0,0.0
642,basegame,6.5,0.0
643,basegame,0.0,0.0
644,basegame,0.0,0.0
645,basegame,0.0,0.0
646,basegame,0.0,0.0
647,basegame,0.0,0.0
648,basegame,1.0,0.0
649,basegame,4.5,0.0
650,basegame,1.0,0.0
651,basegame,0.0,0.0
652,basegame,2.0,0.0
653,basegame,0.0,0.0
654,basegame,0.0,0.0
655,basegame,1.0,0.0
656,basegame,2.0,0.0
657,basegame,0.0,0.0
658,basegame,0.0,0.0
659,basegame,3.5,0.0
660,basegame,0.0,0.0
661,basegame,0.0,0.0
662,basegame,0.0,0.0
663,basegame,0.0,0.0
664,basegame,0.0,0.0
665,basegame,3.0,0.0
666,basegame,0.0,0.0
667,basegame,0.0,0.0
668,basegame,5.0,0.0
669,basegame,0.0,0.0
670,basegame,0.0,0.0
671,basegame,1.0,0.0
672,basegame,0.0,0.0
673,basegame,0.0,0.0
674,basegame,0.0,0.0
675,basegame,0.0,0.0
676,basegame,0.0,0.0
677,basegame,0.0,0.0
678,basegame,0.0,0.0
679,basegame,0.0,0.0
680,basegame,0.0,0.0
681,basegame,0.0,0.0
682,basegame,2.5,0.0
683,basegame,3.5,0.0
684,basegame,8.0,0.0
685,basegame,1.0,0.0
686,basegame,1.5,0.0
687,basegame,0.0,0.0
688,basegame,0.0,0.0
689,basegame,0.0,0.0
690,basegame,1.5,0.0
691,basegame,0.0,0.0
692,basegame,0.0,0.0
693,basegame,6.0,0.0
694,basegame,0.0,0.0
695,basegame,0.0,0.0
696,basegame,0.0,0.0
697,basegame,0.0,0.0
698,basegame,16.0,0.0
699,basegame,3.0,0.0
700,basegame,16.0,0.0
701,basegame,0.0,0.0
702,basegame,0.0,0.0
703,basegame,0.0,0.0
704,basegame,0.0,0.0
705,basegame,0.0,0.0
706,basegame,0.0,0.0
707,basegame,0.0,0.0
708,basegame,0.0,0.0
709,basegame,2.0,0.0
710,basegame,1.5,0.0
711,basegame,10.0,0.0
712,basegame,0.0,0.0
713,basegame,0.0,0.0
714,basegame,1.0,0.0
715,basegame,1.0,0.0
716,basegame,0.0,0.0
717,basegame,0.0,0.0
718,basegame,0.0,0.0
719,basegame,0.0,0.0
720,basegame,3.5,0.0
721,basegame,2.5,0.0
722,basegame,0.0,0.0
723,basegame,26.0,0.0
724,basegame,3.0,0.0
725,basegame,1.0,0.0
726,basegame,0.0,0.0
727,basegame,0.0,0.0
728,basegame,2.5,0.0
729,basegame,0.0,0.0
730,basegame,0.0,0.0
731,basegame,2.0,0.0
732,basegame,0.0,0.0
733,basegame,0.0,0.0
734,basegame,0.0,0.0
735,basegame,3.0,0.0
736,basegame,3.0,0.0
737,basegame,3.0,0.0
738,basegame,0.0,0.0
739,basegame,10.0,0.0
740,basegame,1.0,0.0
741,basegame,2.5,0.0
742,basegame,0.0,0.0
743,basegame,2.0,0.0
744,basegame,0.0,0.0
745,basegame,1.0,0.0
746,basegame,1.5,0.0
747,basegame,0.0,0.0
748,basegame,3.5,0.0
749,basegame,0.0,0.0
750,basegame,0.0,0.0
751,basegame,7.5,0.0
752,basegame,0.0,0.0
753,basegame,0.0,0.0
754,basegame,0.0,0.0
755,basegame,0.0,0.0
756,basegame,1.0,0.0
757,basegame,2.5,0.0
758,basegame,0.0,0.0
759,basegame,2.0,0.0
760,basegame,1.5,0.0
761,basegame,0.0,0.0
762,basegame,0.0,0.0
763,basegame,0.0,0.0
764,basegame,0.0,0.0
765,basegame,0.0,0.0
766,basegame,1.0,0.0
767,basegame,2.5,0.0
768,basegame,0.0,0.0
769,basegame,2.0,0.0
770,basegame,0.0,0.0
771,basegame,1.0,0.0
772,basegame,1.5,0.0
773,basegame,0.0,0.0
774,basegame,1.0,0.0
775,basegame,0.0,0.0
776,basegame,1.5,0.0
777,basegame,0.0,0.0
778,basegame,2.0,0.0
779,basegame,0.0,0.0
780,basegame,7.0,0.0
781,basegame,0.0,0.0
782,basegame,0.0,0.0
783,basegame,11.0,0.0
784,basegame,2.0,0.0
785,basegame,0.0,0.0
786,basegame,0.0,0.0
787,basegame,0.0,0.0
788,basegame,2.5,0.0
789,basegame,0.0,0.0
790,basegame,0.0,0.0
791,basegame,1.5,0.0
792,basegame,0.0,0.0
793,basegame,0.0,0.0
794,basegame,0.0,0.0
795,basegame,2.5,0.0
796,basegame,0.0,0.0
797,basegame,4.5,0.0
798,basegame,0.0,0.0
799,basegame,0.0,0.0
800,basegame,0.0,0.0
801,basegame,0.0,0.0
802,basegame,5.0,0.0
803,basegame,1.0,0.0
804,basegame,6.0,0.0
805,basegame,0.0,0.0
806,basegame,2.5,0.0
807,basegame,0.0,0.0
808,basegame,0.0,0.0
809,basegame,0.0,0.0
810,basegame,1.5,0.0
811,basegame,0.0,0.0
812,basegame,0.0,0.0
813,basegame,0.0,0.0
814,basegame,0.0,0.0
815,basegame,2.0,0.0
816,basegame,6.0,0.0
817,basegame,0.0,0.0
818,basegame,0.0,0.0
819,basegame,4.0,0.0
820,basegame,0.0,0.0
821,basegame,0.0,0.0
822,basegame,0.0,0.0
823,basegame,2.0,0.0
824,basegame,0.0,0.0
825,basegame,2.5,0.0
826,basegame,0.0,0.0
827,basegame,0.0,0.0
828,basegame,2.5,0.0
829,basegame,0.0,0.0
830,basegame,0.0,0.0
831,basegame,0.0,0.0
832,basegame,0.0,0.0
833,basegame,0.0,0.0
834,basegame,0.0,0.0
835,basegame,0.0,0.0
836,basegame,3.0,0.0
837,basegame,0.0,0.0
838,basegame,0.0,0.0
839,basegame,0.0,0.0
840,basegame,0.0,0.0
841,basegame,0.0,0.0
842,basegame,10.0,0.0
843,basegame,3.5,0.0
844,basegame,2.5,0.0
845,basegame,0.0,0.0
846,basegame,0.0,0.0
847,basegame,0.0,0.0
848,basegame,0.0,0.0
849,basegame,0.0,0.0
850,basegame,3.0,0.0
851,basegame,0.0,0.0
852,basegame,4.0,0.0
853,basegame,1.0,0.0
854,basegame,0.0,0.0
855,basegame,0.0,0.0
856,basegame,0.0,0.0
857,basegame,0.0,0.0
858,basegame,1.0,0.0
859,basegame,0.0,0.0
860,basegame,1.5,0.0
861,basegame,5.0,0.0
862,basegame,6.5,0.0
863,basegame,1.5,0.0
864,basegame,0.0,0.0
865,basegame,1.0,0.0
866,basegame,0.0,0.0
867,basegame,1.0,0.0
868,basegame,0.0,0.0
869,basegame,0.0,0.0
870,basegame,1.0,0.0
871,basegame,7.5,0.0
872,basegame,0.0,0.0
873,basegame,0.0,0.0
874,basegame,0.0,0.0
875,basegame,0.0,0.0
876,basegame,1.5,0.0
877,basegame,5.5,0.0
878,basegame,0.0,0.0
879,basegame,0.0,0.0
880,basegame,0.0,0.0
881,basegame,3.5,0.0
882,basegame,0.0,0.0
883,basegame,0.0,0.0
884,basegame,0.0,0.0
885,basegame,0.0,0.0
886,basegame,0.0,0.0
887,basegame,0.0,0.0
888,basegame,1.0,0.0
889,basegame,1.5,0.0
890,basegame,1.5,0.0
891,basegame,0.0,0.0
892,basegame,1.0,0.0
893,basegame,0.0,0.0
894,basegame,2.5,0.0
895,basegame,2.0,0.0
896,basegame,0.0,0.0
897,basegame,0.0,0.0
898,basegame,2.5,0.0
899,basegame,0.0,0.0
900,basegame,1.5,0.0
901,basegame,0.0,0.0
902,basegame,2.0,0.0
903,basegame,0.0,0.0
904,basegame,0.0,0.0
905,basegame,4.0,0.0
906,basegame,2.0,0.0
907,basegame,0.0,0.0
908,basegame,0.0,0.0
909,basegame,0.0,0.0
910,basegame,0.0,0.0
911,basegame,0.0,0.0
912,basegame,0.0,0.0
913,basegame,0.0,0.0
914,basegame,1.5,0.0
915,basegame,0.0,0.0
916,basegame,2.0,0.0
917,basegame,16.5,0.0
918,basegame,0.0,0.0
919,basegame,0.0,0.0
920,basegame,0.0,0.0
921,basegame,0.0,0.0
922,basegame,0.0,0.0
923,basegame,0.0,0.0
924,basegame,3.5,0.0
925,basegame,0.0,0.0
926,basegame,0.0,0.0
927,basegame,0.0,0.0
928,basegame,0.0,0.0
929,basegame,0.0,0.0
930,basegame,0.0,0.0
931,basegame,0.0,0.0
932,basegame,2.0,0.0
933,basegame,8.0,0.0
934,basegame,1.0,0.0
935,basegame,1.0,0.0
936,basegame,1.5,0.0
937,basegame,0.0,0.0
938,basegame,1.5,0.0
939,basegame,0.0,0.0
940,basegame,0.0,0.0
941,basegame,0.0,0.0
942,basegame,2.0,0.0
943,basegame,0.0,0.0
944,basegame,1.0,0.0
945,basegame,0.0,0.0
946,basegame,1.5,0.0
947,basegame,1.5,0.0
948,basegame,0.0,0.0
949,basegame,0.0,0.0
950,basegame,0.0,0.0
951,basegame,0.0,0.0
952,basegame,0.0,0.0
953,basegame,4.0,0.0
954,basegame,0.0,0.0
955,basegame,4.0,0.0
956,basegame,0.0,0.0
957,basegame,1.5,0.0
958,basegame,0.0,0.0
959,basegame,0.0,0.0
960,basegame,3.0,0.0
961,basegame,0.0,0.0
962,basegame,0.0,0.0
963,basegame,0.0,0.0
964,basegame,0.0,0.0
965,basegame,1.0,0.0
966,basegame,0.0,0.0
967,basegame,0.0,0.0
968,basegame,0.0,0.0
969,basegame,0.0,0.0
970,basegame,0.0,0.0
971,basegame,0.0,0.0
972,basegame,0.0,0.0
973,basegame,0.0,0.0
974,basegame,1.5,0.0
975,basegame,0.0,0.0
976,basegame,0.0,0.0
977,basegame,3.0,0.0
978,basegame,9.0,0.0
979,basegame,24.0,0.0
980,basegame,0.0,0.0
981,basegame,5.5,0.0
982,basegame,0.0,0.0
983,basegame,1.0,0.0
984,basegame,0.0,0.0
985,basegame,3.5,0.0
986,basegame,0.0,0.0
987,basegame,0.0,0.0
988,basegame,1.5,0.0
989,basegame,0.0,0.0
990,basegame,0.0,0.0
991,basegame,1.0,0.0
992,basegame,0.0,0.0
993,basegame,0.0,0.0
994,basegame,1.5,0.0
995,basegame,2.0,0.0
996,basegame,0.0,0.0
997,basegame,0.0,0.0
998,basegame,0.0,0.0
999,basegame,0.0,0.0
1000,basegame,0.0,0.0
1001,basegame,3.0,0.0
1002,basegame,2.0,0.0
1003,basegame,1.0,0.0
1004,basegame,0.0,0.0
1005,basegame,0.0,0.0
1006,basegame,0.0,0.0
1007,basegame,0.0,0.0
1008,basegame,0.0,0.0
1009,basegame,0.0,0.0
1010,basegame,0.0,0.0
1011,basegame,1.5,0.0
1012,basegame,0.0,0.0
1013,basegame,0.0,0.0
1014,basegame,1.5,0.0
1015,basegame,0.0,0.0
1016,basegame,0.0,0.0
1017,basegame,1.0,0.0
1018,basegame,0.0,0.0
1019,basegame,0.0,0.0
1020,basegame,1.5,0.0
1021,basegame,0.0,0.0
1022,basegame,0.0,0.0
1023,basegame,1.5,0.0
1024,basegame,0.0,0.0
1025,basegame,0.0,0.0
1026,basegame,0.0,0.0
1027,basegame,0.0,0.0
1028,basegame,0.0,0.0
1029,basegame,1.0,0.0
1030,basegame,2.5,0.0
1031,basegame,2.0,0.0
1032,basegame,1.0,0.0
1033,basegame,0.0,0.0
1034,basegame,20.5,0.0
1035,basegame,0.0,0.0
1036,basegame,4.5,0.0
1037,basegame,0.0,0.0
1038,basegame,0.0,0.0
1039,basegame,4.0,0.0
1040,basegame,5.0,0.0
1041,basegame,0.0,0.0
1042,basegame,0.0,0.0
1043,basegame,2.5,0.0
1044,basegame,0.0,0.0
1045,basegame,0.0,0.0
1046,basegame,4.5,0.0
1047,basegame,0.0,0.0
1048,basegame,2.0,0.0
1049,basegame,1.0,0.0
1050,basegame,0.0,0.0
1051,basegame,0.0,0.0
1052,basegame,6.0,0.0
1053,basegame,0.0,0.0
1054,basegame,1.5,0.0
1055,basegame,4.0,0.0
1056,basegame,0.0,0.0
1057,basegame,2.0,0.0
1058,basegame,1.5,0.0
1059,basegame,0.0,0.0
1060,basegame,0.0,0.0
1061,basegame,0.0,0.0
1062,basegame,0.0,0.0
1063,basegame,0.0,0.0
1064,basegame,0.0,0.0
1065,basegame,2.0,0.0
1066,basegame,0.0,0.0
1067,basegame,0.0,0.0
1068,basegame,1.0,0.0
1069,basegame,0.0,0.0
1070,basegame,0.0,0.0
1071,basegame,0.0,0.0
1072,basegame,0.0,0.0
1073,basegame,0.0,0.0
1074,basegame,3.5,0.0
1075,basegame,2.5,0.0
1076,basegame,3.5,0.0
1077,basegame,2.0,0.0
1078,basegame,3.0,0.0
1079,basegame,0.0,0.0
1080,basegame,0.0,0.0
1081,basegame,0.0,0.0
1082,basegame,0.0,0.0
1083,basegame,1.0,0.0
1084,basegame,0.0,0.0
1085,basegame,0.0,0.0
1086,basegame,0.0,0.0
1087,basegame,1.0,0.0
1088,basegame,5.0,0.0
1089,basegame,1.5,0.0
1090,basegame,0.0,0.0
1091,basegame,0.0,0.0
1092,basegame,0.0,0.0
1093,basegame,0.0,0.0
1094,basegame,0.0,0.0
1095,basegame,0.0,0.0
1096,basegame,0.0,0.0
1097,basegame,4.5,0.0
1098,basegame,0.0,0.0
1099,basegame,0.0,0.0
1100,basegame,0.0,0.0
1101,basegame,2.5,0.0
1102,basegame,0.0,0.0
1103,basegame,0.0,0.0
1104,basegame,10.0,0.0
1105,basegame,0.0,0.0
1106,basegame,1.0,0.0
1107,basegame,0.0,0.0
1108,basegame,0.0,0.0
1109,basegame,4.5,0.0
1110,basegame,1.0,0.0
1111,basegame,3.0,0.0
1112,basegame,5.0,0.0
1113,basegame,0.0,0.0
1114,basegame,0.0,0.0
1115,basegame,0.0,0.0
1116,basegame,0.0,0.0
1117,basegame,3.0,0.0
1118,basegame,0.0,0.0
1119,basegame,0.0,0.0
1120,basegame,2.0,0.0
1121,basegame,1.0,0.0
1122,basegame,0.0,0.0
1123,basegame,14.5,0.0
1124,basegame,0.0,0.0
1125,basegame,0.0,0.0
1126,basegame,0.0,0.0
1127,basegame,1.0,0.0
1128,basegame,4.0,0.0
1129,basegame,2.0,0.0
1130,basegame,0.0,0.0
1131,basegame,0.0,0.0
1132,basegame,1.0,0.0
1133,basegame,0.0,0.0
1134,basegame,3.5,0.0
1135,basegame,0.0,0.0
1136,basegame,0.0,0.0
1137,basegame,0.0,0.0
1138,basegame,0.0,0.0
1139,basegame,0.0,0.0
1140,basegame,4.5,0.0
1141,basegame,0.0,0.0
1142,basegame,0.0,0.0
1143,basegame,0.0,0.0
1144,basegame,8.0,0.0
1145,basegame,0.0,0.0
1146,basegame,0.0,0.0
1147,basegame,0.0,0.0
1148,basegame,0.0,0.0
1149,basegame,4.5,0.0
1150,basegame,0.0,0.0
1151,basegame,3.0,0.0
1152,basegame,0.0,0.0
1153,basegame,0.0,0.0
1154,basegame,0.0,0.0
1155,basegame,0.0,0.0
1156,basegame,0.0,0.0
1157,basegame,1.5,0.0
1158,basegame,0.0,0.0
1159,basegame,0.0,0.0
1160,basegame,2.0,0.0
1161,basegame,5.0,0.0
1162,basegame,6.0,0.0
1163,basegame,2.0,0.0
1164,basegame,0.0,0.0
1165,basegame,5.0,0.0
1166,basegame,0.0,0.0
1167,basegame,0.0,0.0
1168,basegame,0.0,0.0
1169,basegame,1.0,0.0
1170,basegame,2.0,0.0
1171,basegame,0.0,0.0
1172,basegame,2.5,0.0
1173,basegame,22.5,0.0
1174,basegame,2.0,0.0
1175,basegame,0.0,0.0
1176,basegame,0.0,0.0
1177,basegame,6.0,0.0
1178,basegame,0.0,0.0
1179,basegame,10.0,0.0
1180,basegame,0.0,0.0
1181,basegame,2.5,0.0
1182,basegame,0.0,0.0
1183,basegame,0.0,0.0
1184,basegame,20.0,0.0
1185,basegame,0.0,0.0
1186,basegame,0.0,0.0
1187,basegame,0.0,0.0
1188,basegame,1.0,0.0
1189,basegame,7.5,0.0
1190,basegame,5.5,0.0
1191,basegame,0.0,0.0
1192,basegame,0.0,0.0
1193,basegame,0.0,0.0
1194,basegame,0.0,0.0
1195,basegame,0.0,0.0
1196,basegame,5.0,0.0
1197,basegame,2.5,0.0
1198,basegame,0.0,0.0
1199,basegame,4.0,0.0
1200,basegame,2.0,0.0
1201,basegame,0.0,0.0
1202,basegame,0.0,0.0
1203,basegame,8.5,0.0
1204,basegame,0.0,0.0
1205,basegame,0.0,0.0
1206,basegame,0.0,0.0
1207,basegame,5.0,0.0
1208,basegame,1.0,0.0
1209,basegame,1.5,0.0
1210,basegame,3.5,0.0
1211,basegame,6.0,0.0
1212,basegame,0.0,0.0
1213,basegame,0.0,0.0
1214,basegame,0.0,0.0
1215,basegame,0.0,0.0
1216,basegame,0.0,0.0
1217,basegame,1.0,0.0
1218,basegame,4.5,0.0
1219,basegame,4.0,0.0
1220,basegame,0.0,0.0
1221,basegame,2.5,0.0
1222,basegame,0.0,0.0
1223,basegame,4.0,0.0
1224,basegame,0.0,0.0
1225,basegame,7.0,0.0
1226,basegame,0.0,0.0
1227,basegame,0.0,0.0
1228,basegame,0.0,0.0
1229,basegame,0.0,0.0
1230,basegame,0.0,0.0
1231,basegame,29.0,0.0
1232,basegame,0.0,0.0
1233,basegame,4.0,0.0
1234,basegame,0.0,0.0
1235,basegame,2.0,0.0
1236,basegame,0.0,0.0
1237,basegame,0.0,0.0
1238,basegame,1.5,0.0
1239,basegame,0.0,0.0
1240,basegame,17.0,0.0
1241,basegame,0.0,0.0
1242,basegame,6.5,0.0
1243,basegame,0.0,0.0
1244,basegame,2.0,0.0
1245,basegame,4.0,0.0
1246,basegame,0.0,0.0
1247,basegame,6.0,0.0
1248,basegame,0.0,0.0
1249,basegame,0.0,0.0
1250,basegame,4.0,0.0
1251,basegame,1.0,0.0
1252,basegame,6.5,0.0
1253,basegame,0.0,0.0
1254,basegame,0.0,0.0
1255,basegame,0.0,0.0
1256,basegame,0.0,0.0
1257,basegame,0.0,0.0
1258,basegame,0.0,0.0
1259,basegame,1.0,0.0
1260,basegame,0.0,0.0
1261,basegame,1.0,0.0
1262,basegame,2.5,0.0
1263,basegame,0.0,0.0
1264,basegame,0.0,0.0
1265,basegame,0.0,0.0
1266,basegame,5.5,0.0
1267,basegame,0.0,0.0
1268,basegame,0.0,0.0
1269,basegame,1.0,0.0
1270,basegame,0.0,0.0
1271,basegame,6.0,0.0
1272,basegame,10.0,0.0
1273,basegame,2.5,0.0
1274,basegame,12.0,0.0
1275,basegame,3.5,0.0
1276,basegame,0.0,0.0
1277,basegame,0.0,0.0
1278,basegame,2.0,0.0
1279,basegame,4.0,0.0
1280,basegame,1.5,0.0
1281,basegame,0.0,0.0
1282,basegame,0.0,0.0
1283,basegame,15.0,0.0
1284,basegame,2.0,0.0
1285,basegame,0.0,0.0
1286,basegame,0.0,0.0
1287,basegame,3.5,0.0
1288,basegame,2.0,0.0
1289,basegame,0.0,0.0
1290,basegame,0.0,0.0
1291,basegame,0.0,0.0
1292,basegame,0.0,0.0
1293,basegame,0.0,0.0
1294,basegame,1.0,0.0
1295,basegame,5.0,0.0
1296,basegame,10.0,0.0
1297,basegame,2.5,0.0
1298,basegame,1.0,0.0
1299,basegame,8.0,0.0
1300,basegame,0.0,0.0
1301,basegame,1.0,0.0
1302,basegame,0.0,0.0
1303,basegame,2.5,0.0
1304,basegame,0.0,0.0
1305,basegame,3.0,0.0
1306,basegame,0.0,0.0
1307,basegame,1.0,0.0
1308,basegame,0.0,0.0
1309,basegame,0.0,0.0
1310,basegame,0.0,0.0
1311,basegame,0.0,0.0
1312,basegame,0.0,0.0
1313,basegame,0.0,0.0
1314,basegame,1.0,0.0
1315,basegame,3.0,0.0
1316,basegame,0.0,0.0
1317,basegame,0.0,0.0
1318,basegame,0.0,0.0
1319,basegame,0.0,0.0
1320,basegame,0.0,0.0
1321,basegame,0.0,0.0
1322,basegame,3.5,0.0
1323,basegame,0.0,0.0
1324,basegame,0.0,0.0
1325,basegame,0.0,0.0
1326,basegame,0.0,0.0
1327,basegame,0.0,0.0
1328,basegame,0.0,0.0
1329,basegame,0.0,0.0
1330,basegame,6.5,0.0
1331,basegame,1.0,0.0
1332,basegame,0.0,0.0
1333,basegame,0.0,0.0
1334,basegame,0.0,0.0
1335,basegame,0.0,0.0
1336,basegame,4.5,0.0
1337,basegame,0.0,0.0
1338,basegame,0.0,0.0
1339,basegame,0.0,0.0
1340,basegame,0.0,0.0
1341,basegame,1.0,0.0
1342,basegame,0.0,0.0
1343,basegame,4.0,0.0
1344,basegame,0.0,0.0
1345,basegame,5.5,0.0
1346,basegame,0.0,0.0
1347,basegame,0.0,0.0
1348,basegame,3.0,0.0
1349,basegame,0.0,0.0
1350,basegame,0.0,0.0
1351,basegame,0.0,0.0
1352,basegame,2.5,0.0
1353,basegame,0.0,0.0
1354,basegame,2.0,0.0
1355,basegame,1.0,0.0
1356,basegame,0.0,0.0
1357,basegame,0.0,0.0
1358,basegame,0.0,0.0
1359,basegame,0.0,0.0
1360,basegame,0.0,0.0
1361,basegame,0.0,0.0
1362,basegame,0.0,0.0
1363,basegame,0.0,0.0
1364,basegame,0.0,0.0
1365,basegame,0.0,0.0
1366,basegame,0.0,0.0
1367,basegame,0.0,0.0
1368,basegame,0.0,0.0
1369,basegame,2.0,0.0
1370,basegame,0.0,0.0
1371,basegame,6.5,0.0
1372,basegame,0.0,0.0
1373,basegame,1.0,0.0
1374,basegame,0.0,0.0
1375,basegame,2.0,0.0
1376,basegame,0.0,0.0
1377,basegame,0.0,0.0
1378,basegame,1.0,0.0
1379,basegame,0.0,0.0
1380,basegame,0.0,0.0
1381,basegame,1.0,0.0
1382,basegame,3.5,0.0
1383,basegame,1.0,0.0
1384,basegame,0.0,0.0
1385,basegame,0.0,0.0
1386,basegame,32.0,0.0
1387,basegame,27.5,0.0
1388,basegame,0.0,0.0
1389,basegame,1.0,0.0
1390,basegame,0.0,0.0
1391,basegame,1.0,0.0
1392,basegame,0.0,0.0
1393,basegame,0.0,0.0
1394,basegame,0.0,0.0
1395,basegame,1.0,0.0
1396,basegame,0.0,0.0
1397,basegame,0.0,0.0
1398,basegame,0.0,0.0
1399,basegame,0.0,0.0
1400,basegame,1.5,0.0
1401,basegame,0.0,0.0
1402,basegame,0.0,0.0
1403,basegame,0.0,0.0
1404,basegame,0.0,0.0
1405,basegame,0.0,0.0
1406,basegame,0.0,0.0
1407,basegame,5.0,0.0
1408,basegame,0.0,0.0
1409,basegame,0.0,0.0
1410,basegame,1.5,0.0
1411,basegame,0.0,0.0
1412,basegame,3.0,0.0
1413,basegame,5.0,0.0
1414,basegame,0.0,0.0
1415,basegame,5.0,0.0
1416,basegame,0.0,0.0
1417,basegame,0.0,0.0
1418,basegame,1.0,0.0
1419,basegame,0.0,0.0
1420,basegame,2.0,0.0
1421,basegame,8.0,0.0
1422,basegame,7.5,0.0
1423,basegame,1.0,0.0
1424,basegame,1.0,0.0
1425,basegame,0.0,0.0
1426,basegame,0.0,0.0
1427,basegame,5.0,0.0
1428,basegame,0.0,0.0
1429,basegame,0.0,0.0
1430,basegame,0.0,0.0
1431,basegame,3.5,0.0
1432,basegame,0.0,0.0
1433,basegame,0.0,0.0
1434,basegame,0.0,0.0
1435,basegame,1.5,0.0
1436,basegame,0.0,0.0
1437,basegame,0.0,0.0
1438,basegame,8.0,0.0
1439,basegame,1.0,0.0
1440,basegame,0.0,0.0
1441,basegame,0.0,0.0
1442,basegame,0.0,0.0
1443,basegame,0.0,0.0
1444,basegame,0.0,0.0
1445,basegame,0.0,0.0
1446,basegame,0.0,0.0
1447,basegame,2.5,0.0
1448,basegame,1.0,0.0
1449,basegame,0.0,0.0
1450,basegame,1.5,0.0
1451,basegame,0.0,0.0
1452,basegame,0.0,0.0
1453,basegame,0.0,0.0
1454,basegame,8.0,0.0
1455,basegame,0.0,0.0
1456,basegame,0.0,0.0
1457,basegame,1.0,0.0
1458,basegame,0.0,0.0
1459,basegame,0.0,0.0
1460,basegame,0.0,0.0
1461,basegame,2.0,0.0
1462,basegame,0.0,0.0
1463,basegame,0.0,0.0
1464,basegame,1.5,0.0
1465,basegame,0.0,0.0
1466,basegame,5.0,0.0
1467,basegame,1.0,0.0
1468,basegame,0.0,0.0
1469,basegame,0.0,0.0
1470,basegame,0.0,0.0
1471,basegame,0.0,0.0
1472,basegame,2.5,0.0
1473,basegame,1.5,0.0
1474,basegame,1.5,0.0
1475,basegame,0.0,0.0
1476,basegame,1.5,0.0
1477,basegame,0.0,0.0
1478,basegame,0.0,0.0
1479,basegame,1.0,0.0
1480,basegame,1.5,0.0
1481,basegame,0.0,0.0
1482,basegame,1.5,0.0
1483,basegame,1.0,0.0
1484,basegame,0.0,0.0
1485,basegame,0.0,0.0
1486,basegame,2.0,0.0
1487,basegame,0.0,0.0
1488,basegame,1.5,0.0
1489,basegame,0.0,0.0
1490,basegame,0.0,0.0
1491,basegame,0.0,0.0
1492,basegame,4.0,0.0
1493,basegame,3.0,0.0
1494,basegame,0.0,0.0
1495,basegame,0.0,0.0
1496,basegame,0.0,0.0
1497,basegame,4.0,0.0
1498,basegame,0.0,0.0
1499,basegame,0.0,0.0
1500,basegame,0.0,0.0
1501,basegame,0.0,0.0
1502,basegame,0.0,0.0
1503,basegame,0.0,0.0
1504,basegame,0.0,0.0
1505,basegame,0.0,0.0
1506,basegame,0.0,0.0
1507,basegame,0.0,0.0
1508,basegame,0.0,0.0
1509,basegame,0.0,0.0
1510,basegame,1.5,0.0
1511,basegame,5.5,0.0
1512,basegame,0.0,0.0
1513,basegame,0.0,0.0
1514,basegame,0.0,0.0
1515,basegame,2.0,0.0
1516,basegame,0.0,0.0
1517,basegame,0.0,0.0
1518,basegame,1.0,0.0
1519,basegame,0.0,0.0
1520,basegame,0.0,0.0
1521,basegame,0.0,0.0
1522,basegame,0.0,0.0
1523,basegame,0.0,0.0
1524,basegame,0.0,0.0
1525,basegame,0.0,0.0
1526,basegame,2.0,0.0
1527,basegame,2.0,0.0
1528,basegame,2.0,0.0
1529,basegame,0.0,0.0
1530,basegame,0.0,0.0
1531,basegame,6.0,0.0
1532,basegame,2.0,0.0
1533,basegame,12.0,0.0
1534,basegame,0.0,0.0
1535,basegame,0.0,0.0
1536,basegame,15.0,0.0
1537,basegame,0.0,0.0
1538,basegame,0.0,0.0
1539,basegame,0.0,0.0
1540,basegame,3.0,0.0
1541,basegame,0.0,0.0
1542,basegame,0.0,0.0
1543,basegame,13.0,0.0
1544,basegame,0.0,0.0
1545,basegame,4.0,0.0
1546,basegame,0.0,0.0
1547,basegame,1.5,0.0
1548,basegame,2.5,0.0
1549,basegame,1.0,0.0
1550,basegame,0.0,0.0
1551,basegame,0.0,0.0
1552,basegame,0.0,0.0
1553,basegame,1.5,0.0
1554,basegame,0.0,0.0
1555,basegame,0.0,0.0
1556,basegame,1.0,0.0
1557,basegame,0.0,0.0
1558,basegame,0.0,0.0
1559,basegame,0.0,0.0
1560,basegame,8.0,0.0
1561,basegame,1.0,0.0
1562,basegame,1.0,0.0
1563,basegame,0.0,0.0
1564,basegame,0.0,0.0
1565,basegame,0.0,0.0
1566,basegame,2.5,0.0
1567,basegame,4.0,0.0
1568,basegame,1.5,0.0
1569,basegame,1.0,0.0
1570,basegame,0.0,0.0
1571,basegame,0.0,0.0
1572,basegame,7.0,0.0
1573,basegame,4.5,0.0
1574,basegame,0.0,0.0
1575,basegame,0.0,0.0
1576,basegame,0.0,0.0
1577,basegame,12.5,0.0
1578,basegame,0.0,0.0
1579,basegame,0.0,0.0
1580,basegame,3.0,0.0
1581,basegame,0.0,0.0
1582,basegame,0.0,0.0
1583,basegame,0.0,0.0
1584,basegame,0.0,0.0
1585,basegame,1.0,0.0
1586,basegame,0.0,0.0
1587,basegame,0.0,0.0
1588,basegame,0.0,0.0
1589,basegame,1.0,0.0
1590,basegame,0.0,0.0
1591,basegame,1.5,0.0
1592,basegame,5.0,0.0
1593,basegame,0.0,0.0
1594,basegame,0.0,0.0
1595,basegame,0.0,0.0
1596,basegame,1.5,0.0
1597,basegame,8.5,0.0
1598,basegame,0.0,0.0
1599,basegame,2.5,0.0
1600,basegame,1.0,0.0
1601,basegame,0.0,0.0
1602,basegame,3.0,0.0
1603,basegame,0.0,0.0
1604,basegame,1.0,0.0
1605,basegame,0.0,0.0
1606,basegame,0.0,0.0
1607,basegame,0.0,0.0
1608,basegame,1.5,0.0
1609,basegame,0.0,0.0
1610,basegame,1.0,0.0
1611,basegame,0.0,0.0
1612,basegame,0.0,0.0
1613,basegame,0.0,0.0
1614,basegame,0.0,0.0
1615,basegame,2.0,0.0
1616,basegame,0.0,0.0
1617,basegame,10.0,0.0
1618,basegame,2.0,0.0
1619,basegame,6.0,0.0
1620,basegame,6.0,0.0
1621,basegame,0.0,0.0
1622,basegame,0.0,0.0
1623,basegame,2.5,0.0
1624,basegame,0.0,0.0
1625,basegame,0.0,0.0
1626,basegame,0.0,0.0
1627,basegame,0.0,0.0
1628,basegame,1.0,0.0
1629,basegame,2.0,0.0
1630,basegame,5.0,0.0
1631,basegame,0.0,0.0
1632,basegame,17.5,0.0
1633,basegame,0.0,0.0
1634,basegame,0.0,0.0
1635,basegame,3.0,0.0
1636,basegame,5.0,0.0
1637,basegame,0.0,0.0
1638,basegame,5.5,0.0
1639,basegame,5.0,0.0
1640,basegame,0.0,0.0
1641,basegame,2.5,0.0
1642,basegame,0.0,0.0
1643,basegame,0.0,0.0
1644,basegame,0.0,0.0
1645,basegame,0.0,0.0
1646,basegame,2.5,0.0
1647,basegame,0.0,0.0
1648,basegame,0.0,0.0
1649,basegame,0.0,0.0
1650,basegame,3.0,0.0
1651,basegame,1.5,0.0
1652,basegame,0.0,0.0
1653,basegame,0.0,0.0
1654,basegame,3.0,0.0
1655,basegame,0.0,0.0
1656,basegame,4.0,0.0
1657,basegame,1.0,0.0
1658,basegame,0.0,0.0
1659,basegame,0.0,0.0
1660,basegame,0.0,0.0
1661,basegame,1.0,0.0
1662,basegame,5.0,0.0
1663,basegame,0.0,0.0
1664,basegame,0.0,0.0
1665,basegame,0.0,0.0
1666,basegame,0.0,0.0
1667,basegame,0.0,0.0
1668,basegame,0.0,0.0
1669,basegame,0.0,0.0
1670,basegame,13.0,0.0
1671,basegame,0.0,0.0
1672,basegame,3.0,0.0
1673,basegame,1.5,0.0
1674,basegame,0.0,0.0
1675,basegame,0.0,0.0
1676,basegame,0.0,0.0
1677,basegame,0.0,0.0
1678,basegame,0.0,0.0
1679,basegame,17.0,0.0
1680,basegame,0.0,0.0
1681,basegame,0.0,0.0
1682,basegame,0.0,0.0
1683,basegame,0.0,0.0
1684,basegame,0.0,0.0
1685,basegame,4.0,0.0
1686,basegame,0.0,0.0
1687,basegame,5.0,0.0
1688,basegame,0.0,0.0
1689,basegame,3.0,0.0
1690,basegame,0.0,0.0
1691,basegame,0.0,0.0
1692,basegame,0.0,0.0
1693,basegame,0.0,0.0
1694,basegame,0.0,0.0
1695,basegame,1.0,0.0
1696,basegame,1.5,0.0
1697,basegame,0.0,0.0
1698,basegame,0.0,0.0
1699,basegame,2.0,0.0
1700,basegame,10.0,0.0
1701,basegame,0.0,0.0
1702,basegame,0.0,0.0
1703,basegame,1.5,0.0
1704,basegame,3.0,0.0
1705,basegame,0.0,0.0
1706,basegame,0.0,0.0
1707,basegame,0.0,0.0
1708,basegame,11.0,0.0
1709,basegame,0.0,0.0
1710,basegame,2.0,0.0
1711,basegame,0.0,0.0
1712,basegame,25.5,0.0
1713,basegame,0.0,0.0
1714,basegame,0.0,0.0
1715,basegame,0.0,0.0
1716,basegame,1.0,0.0
1717,basegame,0.0,0.0
1718,basegame,0.0,0.0
1719,basegame,0.0,0.0
1720,basegame,0.0,0.0
1721,basegame,2.0,0.0
1722,basegame,4.0,0.0
1723,basegame,0.0,0.0
1724,basegame,0.0,0.0
1725,basegame,0.0,0.0
1726,basegame,0.0,0.0
1727,basegame,1.5,0.0
1728,basegame,4.5,0.0
1729,basegame,0.0,0.0
1730,basegame,1.0,0.0
1731,basegame,0.0,0.0
1732,basegame,4.0,0.0
1733,basegame,0.0,0.0
1734,basegame,0.0,0.0
1735,basegame,0.0,0.0
1736,basegame,2.0,0.0
1737,basegame,1.0,0.0
1738,basegame,0.0,0.0
1739,basegame,0.0,0.0
1740,basegame,1.5,0.0
1741,basegame,0.0,0.0
1742,basegame,0.0,0.0
1743,basegame,0.0,0.0
1744,basegame,3.5,0.0
1745,basegame,0.0,0.0
1746,basegame,15.0,0.0
1747,basegame,4.0,0.0
1748,basegame,1.0,0.0
1749,basegame,16.5,0.0
1750,basegame,1.0,0.0
1751,basegame,0.0,0.0
1752,basegame,3.0,0.0
1753,basegame,0.0,0.0
1754,basegame,0.0,0.0
1755,basegame,0.0,0.0
1756,basegame,0.0,0.0
1757,basegame,0.0,0.0
1758,basegame,1.0,0.0
1759,basegame,0.0,0.0
1760,basegame,0.0,0.0
1761,basegame,3.0,0.0
1762,basegame,0.0,0.0
1763,basegame,0.0,0.0
1764,basegame,2.0,0.0
1765,basegame,1.0,0.0
1766,basegame,0.0,0.0
1767,basegame,1.5,0.0
1768,basegame,2.5,0.0
1769,basegame,2.0,0.0
1770,basegame,4.5,0.0
1771,basegame,0.0,0.0
1772,basegame,3.0,0.0
1773,basegame,0.0,0.0
1774,basegame,0.0,0.0
1775,basegame,0.0,0.0
1776,basegame,7.0,0.0
1777,basegame,0.0,0.0
1778,basegame,0.0,0.0
1779,basegame,1.0,0.0
1780,basegame,2.5,0.0
1781,basegame,5.5,0.0
1782,basegame,0.0,0.0
1783,basegame,0.0,0.0
1784,basegame,0.0,0.0
1785,basegame,0.0,0.0
1786,basegame,8.0,0.0
1787,basegame,0.0,0.0
1788,basegame,0.0,0.0
1789,basegame,0.0,0.0
1790,basegame,0.0,0.0
1791,basegame,1.5,0.0
1792,basegame,4.0,0.0
1793,basegame,4.0,0.0
1794,basegame,0.0,0.0
1795,basegame,0.0,0.0
1796,basegame,5.0,0.0
1797,basegame,1.0,0.0
1798,basegame,7.0,0.0
1799,basegame,5.0,0.0
1800,basegame,0.0,0.0
1801,basegame,0.0,0.0
1802,basegame,0.0,0.0
1803,basegame,0.0,0.0
1804,basegame,1.0,0.0
1805,basegame,0.0,0.0
1806,basegame,0.0,0.0
1807,basegame,0.0,0.0
1808,basegame,0.0,0.0
1809,basegame,0.0,0.0
1810,basegame,0.0,0.0
1811,basegame,1.5,0.0
1812,basegame,11.0,0.0
1813,basegame,0.0,0.0
1814,basegame,2.5,0.0
1815,basegame,0.0,0.0
1816,basegame,4.0,0.0
1817,basegame,4.0,0.0
1818,basegame,1.5,0.0
1819,basegame,1.0,0.0
1820,basegame,0.0,0.0
1821,basegame,0.0,0.0
1822,basegame,0.0,0.0
1823,basegame,0.0,0.0
1824,basegame,0.0,0.0
1825,basegame,1.0,0.0
1826,basegame,1.5,0.0
1827,basegame,0.0,0.0
1828,basegame,1.0,0.0
1829,basegame,1.0,0.0
1830,basegame,4.0,0.0
1831,basegame,1.0,0.0
1832,basegame,1.0,0.0
1833,basegame,0.0,0.0
1834,basegame,0.0,0.0
1835,basegame,2.0,0.0
1836,basegame,0.0,0.0
1837,basegame,5.0,0.0
1838,basegame,2.0,0.0
1839,basegame,2.0,0.0
1840,basegame,0.0,0.0
1841,basegame,5.5,0.0
1842,basegame,5.5,0.0
1843,basegame,0.0,0.0
1844,basegame,18.5,0.0
1845,basegame,1.5,0.0
1846,basegame,0.0,0.0
1847,basegame,0.0,0.0
1848,basegame,4.0,0.0
1849,basegame,0.0,0.0
1850,basegame,0.0,0.0
1851,basegame,0.0,0.0
1852,basegame,0.0,0.0
1853,basegame,0.0,0.0
1854,basegame,0.0,0.0
1855,basegame,0.0,0.0
1856,basegame,0.0,0.0
1857,basegame,1.5,0.0
1858,basegame,0.0,0.0
1859,basegame,0.0,0.0
1860,basegame,2.5,0.0
1861,basegame,0.0,0.0
1862,basegame,0.0,0.0
1863,basegame,0.0,0.0
1864,basegame,0.0,0.0
1865,basegame,0.0,0.0
1866,basegame,0.0,0.0
1867,basegame,0.0,0.0
1868,basegame,0.0,0.0
1869,basegame,0.0,0.0
1870,basegame,0.0,0.0
1871,basegame,0.0,0.0
1872,basegame,0.0,0.0
1873,basegame,0.0,0.0
1874,basegame,0.0,0.0
1875,basegame,0.0,0.0
1876,basegame,0.0,0.0
1877,basegame,1.0,0.0
1878,basegame,0.0,0.0
1879,basegame,1.0,0.0
1880,basegame,2.5,0.0
1881,basegame,0.0,0.0
1882,basegame,2.0,0.0
1883,basegame,0.0,0.0
1884,basegame,0.0,0.0
1885,basegame,0.0,0.0
1886,basegame,0.0,0.0
1887,basegame,0.0,0.0
1888,basegame,0.0,0.0
1889,basegame,0.0,0.0
1890,basegame,1.5,0.0
1891,basegame,0.0,0.0
1892,basegame,0.0,0.0
1893,basegame,2.0,0.0
1894,basegame,9.5,0.0
1895,basegame,0.0,0.0
1896,basegame,0.0,0.0
1897,basegame,0.0,0.0
1898,basegame,0.0,0.0
1899,basegame,1.0,0.0
1900,basegame,1.5,0.0
1901,basegame,5.0,0.0
1902,basegame,0.0,0.0
1903,basegame,3.0,0.0
1904,basegame,0.0,0.0
1905,basegame,0.0,0.0
1906,basegame,1.5,0.0
1907,basegame,0.0,0.0
1908,basegame,1.5,0.0
1909,basegame,0.0,0.0
1910,basegame,0.0,0.0
1911,basegame,0.0,0.0
1912,basegame,0.0,0.0
1913,basegame,0.0,0.0
1914,basegame,0.0,0.0
1915,basegame,0.0,0.0
1916,basegame,0.0,0.0
1917,basegame,0.0,0.0
1918,basegame,0.0,0.0
1919,basegame,0.0,0.0
1920,basegame,1.5,0.0
1921,basegame,0.0,0.0
1922,basegame,1.0,0.0
1923,basegame,1.0,0.0
1924,basegame,0.0,0.0
1925,basegame,1.5,0.0
1926,basegame,0.0,0.0
1927,basegame,0.0,0.0
1928,basegame,0.0,0.0
1929,basegame,1.0,0.0
1930,basegame,3.0,0.0
1931,basegame,0.0,0.0
1932,basegame,0.0,0.0
1933,basegame,0.0,0.0
1934,basegame,0.0,0.0
1935,basegame,0.0,0.0
1936,basegame,2.5,0.0
1937,basegame,0.0,0.0
1938,basegame,0.0,0.0
1939,basegame,0.0,0.0
1940,basegame,2.5,0.0
1941,basegame,0.0,0.0
1942,basegame,2.5,0.0
1943,basegame,2.0,0.0
1944,basegame,1.0,0.0
1945,basegame,0.0,0.0
1946,basegame,0.0,0.0
1947,basegame,1.5,0.0
1948,basegame,0.0,0.0
1949,basegame,0.0,0.0
1950,basegame,0.0,0.0
1951,basegame,0.0,0.0
1952,basegame,0.0,0.0
1953,basegame,1.0,0.0
1954,basegame,4.0,0.0
1955,basegame,2.0,0.0
1956,basegame,1.0,0.0
1957,basegame,0.0,0.0
1958,basegame,4.0,0.0
1959,basegame,1.0,0.0
1960,basegame,0.0,0.0
1961,basegame,4.0,0.0
1962,basegame,0.0,0.0
1963,basegame,0.0,0.0
1964,basegame,0.0,0.0
1965,basegame,3.0,0.0
1966,basegame,1.0,0.0
1967,basegame,0.0,0.0
1968,basegame,0.0,0.0
1969,basegame,3.0,0.0
1970,basegame,0.0,0.0
1971,basegame,2.5,0.0
1972,basegame,1.0,0.0
1973,basegame,0.0,0.0
1974,basegame,1.5,0.0
1975,basegame,0.0,0.0
1976,basegame,0.0,0.0
1977,basegame,0.0,0.0
1978,basegame,0.0,0.0
1979,basegame,0.0,0.0
1980,basegame,1.0,0.0
1981,basegame,3.5,0.0
1982,basegame,0.0,0.0
1983,basegame,0.0,0.0
1984,basegame,44.5,0.0
1985,basegame,1.0,0.0
1986,basegame,4.0,0.0
1987,basegame,0.0,0.0
1988,basegame,0.0,0.0
1989,basegame,0.0,0.0
1990,basegame,0.0,0.0
1991,basegame,3.5,0.0
1992,basegame,0.0,0.0
1993,basegame,0.0,0.0
1994,basegame,0.0,0.0
1995,basegame,1.0,0.0
1996,basegame,0.0,0.0
1997,basegame,0.0,0.0
1998,basegame,0.0,0.0
1999,basegame,0.0,0.0
