L3,L4,H4,H1,L3,L1
L3,L4,L2,L2,H1,H3
H4,H2,H2,H4,L2,W
H2,H1,L4,H4,L3,H3
H2,L4,H1,L4,L3,H3
H3,L4,L3,L2,H3,H2
L3,H2,L2,H3,L2,H1
H3,L1,L1,L4,L1,H1
S,H2,S,H1,S,L3
H2,H4,W,L4,H4,H3
H3,S,H3,L1,L3,S
L4,L4,H4,S,L3,H3
L4,H2,H4,L4,W,H4
H3,L3,L3,H2,W,H1
L3,L4,W,L4,W,H3
L4,H3,L3,L3,L4,L4
L1,H4,L2,L4,L3,H1
H4,L2,H4,L1,L1,H2
L3,H1,H4,H2,L4,H4
H2,H2,L2,L1,L2,H4
H1,S,H4,H3,H2,H4
S,L1,L4,H4,L1,H2
H2,L2,S,L2,L4,H4
H4,H1,H2,L2,L4,L4
H2,H2,L1,L4,H1,L3
H3,L2,L2,S,S,S
L1,H4,H3,L3,H1,L3
L1,H1,L4,H3,H1,L2
H2,L2,L2,H1,L2,L4
W,H4,H3,L4,L2,L2
H2,S,L3,H1,H2,H3
H2,L2,S,H3,H4,H4
H2,H3,H1,S,H2,L3
L4,L3,H1,L4,S,L1
L2,L4,L1,L3,L4,H3
S,H2,L2,L1,H2,H1
L2,H1,H4,L4,L1,S
W,H2,L1,L2,L4,W
L3,H4,H1,L3,L1,H4
H3,H2,L3,L3,H3,L4
H3,H4,H1,L3,L1,L1
H2,H4,L2,L1,S,L3
L2,L1,H2,S,H4,S
H1,H1,H1,H1,L4,W
L1,L3,L4,L4,L2,H3
L2,H1,L3,L4,L4,L3
H4,H2,S,H1,L2,L2
S,S,H3,L3,L4,L3
H2,H2,H4,H2,L4,L1
H3,L1,H3,H2,H1,L2
L1,H1,H2,H1,H2,L4
L4,H2,L3,H3,L4,H1
L2,L4,L2,L1,S,L4
S,H4,H2,L4,L3,H1
L3,L1,W,L2,L2,H3
H1,S,S,H4,L2,L3
L4,L1,L1,H4,H4,S
L3,L3,H3,S,L1,H4
H2,H4,L1,H2,H1,L3
L2,H3,H1,L4,H2,L4
H3,L2,L4,L2,H2,L3
H2,L4,H2,L2,H2,L2
H3,L3,H4,H2,H3,H4
L2,L3,L2,H2,S,L4
H2,L2,L4,H1,W,S
L3,S,L3,H3,H1,L4
S,L4,L2,L4,L4,L2
L4,L3,S,L2,L3,H2
H1,H4,L3,L3,H1,L3
H3,L4,H2,S,H2,L4
H1,L3,L3,H3,L4,H2
H2,L4,L2,W,H2,L1
H3,H1,H4,H3,L1,L3
H3,W,L2,L2,H3,L4
H1,H3,L3,H1,L1,L1
L2,L3,L4,H1,H3,S
S,H1,H2,H1,S,L1
H3,H4,H1,H2,L1,L4
W,S,H4,H3,L1,L1
L4,H2,S,S,L2,H3
L1,H2,H2,L2,H4,L1
L4,L4,L3,W,L1,L3
L2,H2,L1,H2,L2,L4
L3,L4,H4,H2,L3,L2
H2,H2,L3,L1,W,H4
H1,H3,L4,H4,H4,S
H2,H1,H3,W,H3,L2
H4,L1,L4,H4,H4,L1
L3,L4,H2,H2,H3,H2
H4,W,L2,H1,L2,H2
S,L3,S,S,S,H3
L3,S,H3,W,L3,H4
L1,H4,H1,L3,L2,H1
L3,L4,L4,H4,H1,L4
L2,H1,H4,L1,H1,H3
L3,H4,H1,H1,H1,L3
L2,L2,L2,L2,H2,H3
H1,L2,L3,S,L4,L2
H4,S,L2,L1,L2,L2
H4,H2,H3,L4,H4,L1
H4,L3,S,H2,H2,S
S,H2,L4,L3,S,L3
H1,H3,L3,L3,H2,L2
H4,H1,H4,H3,H4,H2
L1,W,L4,H1,L3,L1
H4,H2,H1,H1,H4,H1
L2,H3,H3,H3,L4,L1
H4,S,L4,L3,L2,L3
H4,L3,H1,H3,L2,L1
L3,H1,L3,H3,H3,L1
L3,H2,H1,H2,S,S
H4,H4,L1,W,L4,L3
H2,H2,L4,S,L4,L3
S,L3,S,H1,H3,H3
L4,L4,L1,L4,L2,L1
L4,H1,H3,H2,L2,L3
H2,L2,L2,H4,L4,L4
H2,L2,H4,H2,L4,H2
S,L3,L1,H1,H1,L1
H1,S,L3,H1,H1,S
H1,L1,L2,S,L4,H3
L4,L3,W,L4,L4,L3
L4,H1,S,H3,L4,L1
L4,L3,L3,H1,L4,L4
H2,H2,H2,L1,S,L1
L2,H1,L2,H4,L3,H4
L1,H1,L1,L1,L3,H4
H4,H2,L2,W,W,L1
H3,H1,H3,L2,L2,H4
L4,L3,L3,H4,L2,H3
L3,L1,L4,H2,S,L4
H3,L1,S,L3,L2,L4
S,L1,L4,L1,L3,L2
L1,S,L4,L1,H1,S
H1,H1,H1,S,H2,H3
H2,L2,H3,H3,L4,L3
H4,L4,H1,H4,L4,L4
H3,L2,L3,L3,H1,H3
L3,H1,H1,L3,L3,H4
H4,H3,H1,H2,H2,L3
L3,L3,L1,L2,L2,S
L3,L1,H2,S,L1,L2
H2,L1,S,L1,S,L3
H1,L2,H3,L4,L1,L4
S,H2,W,H4,H1,W
H4,S,H1,L3,L3,L4
L3,L2,L3,L1,L2,L3
H3,H1,H4,L3,H4,H4
L2,H4,L3,L3,H4,L1
L2,H3,L4,L1,L1,L3
L1,L3,L4,L1,L1,H3
H3,L2,H3,H2,S,H2
H3,L2,H3,H2,L1,L1
L1,L4,L3,H3,L4,L3
S,L1,W,L4,L3,S
H4,S,H4,L2,H3,H3
H4,H2,H2,H1,L2,L4
H1,L4,S,S,L3,H3
H2,L2,H4,H2,L3,L2
L1,L4,L1,L4,L3,L4
L4,H4,L1,L1,H1,L4
L1,H2,H2,L2,L1,L2
H2,L4,H2,H1,H3,L3
L4,L3,H4,L4,H3,S
L2,L3,L2,H1,W,L2
H3,S,L1,S,L4,H3
S,L4,L4,L4,H4,L2
L2,H3,S,L2,S,L1
H4,H4,L2,H1,H2,L2
H1,L1,W,L2,H4,H4
H4,L1,H1,L2,H2,H2
L4,L4,L4,H4,H1,L4
H3,L3,L2,L3,L2,H4
S,S,H1,S,L2,H2
L1,H2,L2,H3,L4,H1
L4,L2,H2,W,L1,H3
L1,L2,H3,L1,L3,S
L4,L1,S,W,H3,L2
L4,H2,H1,H1,S,L1
L2,L4,L1,L2,H4,H4
L4,L4,H2,L2,H3,L3
L3,L3,H4,L1,L4,L4
L3,L4,L1,H1,L1,H4
W,L1,H1,H4,L3,L4
H2,L3,S,S,L2,H1
H4,L3,L1,H3,L4,H3
H3,H1,L3,H1,H2,S
H1,S,H4,L3,S,L4
S,H1,H1,L2,W,L4
H2,H1,H3,L4,L2,L4
H2,H3,H4,H1,L4,H4
H4,L1,L2,L3,L2,W
H4,H4,L4,H2,H2,H2
H4,L2,H4,H4,H3,H2
W,L2,W,H1,L2,H2
H2,H3,L1,H3,H2,L3
L1,W,S,H1,H2,H4
H3,L4,L2,S,L1,L1
S,L3,H1,H2,S,L1
L4,S,L1,H3,H4,S
L4,L3,H2,L4,W,H2
L3,H1,L4,H1,L2,H2
L1,L1,H1,L4,W,H4
H2,L1,L1,L3,L1,H2
L2,L2,L2,H4,H2,H2
L4,L1,H4,H1,L3,H2
L4,H1,L1,L1,S,L2
L1,L4,L3,H2,L2,L3
L4,H3,L3,L1,H4,L3
H3,S,L3,S,L3,L1
S,H2,H1,L2,H1,L2
H3,L2,L2,H2,H4,S
L2,H3,S,H4,L2,L4
L2,H3,L4,H1,L2,H4
L2,L4,L1,L3,H2,W
L2,L2,L3,L1,L2,H3
H2,L1,H3,W,H4,H1
L3,H3,H2,S,L1,H1
L4,H4,S,H2,L4,L2
S,H1,H2,L1,S,L2
L2,H2,L4,H2,L1,H1
L2,L1,L3,L1,H1,L1
H4,S,L2,H2,H4,S
H4,L1,H4,L3,L3,L4
L4,H3,H4,L1,L2,L2
H4,L3,L3,L2,L1,L3
L3,L4,L3,L2,H1,H3
L1,H1,H3,L3,L3,L2
L3,H3,H3,H3,H4,L4
H4,H2,L2,L4,H4,H3
L1,L3,L3,L4,H3,H4
W,L1,H4,L1,L4,L4
H1,H3,H3,L2,L4,W
H4,W,H1,L4,H4,L1
L1,L2,H4,H2,H3,L1
H3,H2,H2,L1,H3,L4
H3,L3,H3,H3,H2,H1
H4,L4,L3,L2,L1,L2
H3,L2,H1,L1,H2,L4
H4,H2,H1,L2,L3,W
L4,L4,L4,H1,L4,L3
H4,H2,L2,L3,H2,H1
L1,H2,H3,H4,L1,H3
L4,H3,H4,H4,L3,L2
L3,H3,L2,H3,H1,W
W,L4,H3,H3,L3,H1
H4,L3,L3,L3,H4,L1
L1,L1,H2,L4,L2,L3
H2,L2,H1,L4,L4,H1
L4,L1,L2,L2,L4,L3
