H1,H1,H1,H1,H1,H1
H1,H1,H1,H1,H1,H1
H1,H1,H1,H1,H1,H1
H1,H1,H1,H1,H1,H1
M,M,M,M,M,M
H1,H1,H1,H1,H1,H1
H1,H1,H1,H1,H1,H1
H1,H1,H1,H1,H1,H1
M,M,M,M,M,M
H1,H1,H1,H1,H1,H1
H1,H1,H1,H1,H1,H1
H1,H1,H1,H1,H1,H1
H1,H1,H1,H1,H1,H1
H1,H1,H1,H1,H1,H1
M,M,M,M,M,M
H1,H1,H1,H1,H1,H1
H1,H1,H1,H1,H1,H1
H1,H1,H1,H1,H1,H1
S,S,S,S,S,S
H1,H1,H1,H1,H1,H1
H1,H1,H1,H1,H1,H1
H1,H1,H1,H1,H1,H1
M,M,M,M,M,M
H1,H1,H1,H1,H1,H1
H1,H1,H1,H1,H1,H1
H1,H1,H1,H1,H1,H1
H1,H1,H1,H1,H1,H1
H1,H1,H1,H1,H1,H1
M,M,M,M,M,M
H1,H1,H1,H1,H1,H1
W,W,W,W,W,W
H1,H1,H1,H1,H1,H1
H1,H1,H1,H1,H1,H1
M,M,M,M,M,M
H1,H1,H1,H1,H1,H1
H1,H1,H1,H1,H1,H1
H1,H1,H1,H1,H1,H1
H1,H1,H1,H1,H1,H1
H1,H1,H1,H1,H1,H1
M,M,M,M,M,M
H1,H1,H1,H1,H1,H1
H1,H1,H1,H1,H1,H1
H1,H1,H1,H1,H1,H1
H1,H1,H1,H1,H1,H1
H1,H1,H1,H1,H1,H1
M,M,M,M,M,M
H1,H1,H1,H1,H1,H1
H1,H1,H1,H1,H1,H1
H1,H1,H1,H1,H1,H1
H1,H1,H1,H1,H1,H1
